SKU,n_observaciones,r2,beta_precio,estatus
50011877,6,,,n insuficiente
50011883,1,,,n insuficiente
50011886,4,,,n insuficiente
50011888,2,,,n insuficiente
50011906,3,,,n insuficiente
50011910,64,,,precio constante
50011911,40,,,precio constante
50011912,24,,,precio constante
50011913,9,,,n insuficiente
50019485,2,,,n insuficiente
50019489,2,,,n insuficiente
50019490,2,,,n insuficiente
50020484,3,,,n insuficiente
50020487,2,,,n insuficiente
50020491,14,,,precio constante
50020492,50,,,precio constante
50020493,58,,,precio constante
50020503,11,,,n insuficiente
50024465,5,,,n insuficiente
50026417,7,,,n insuficiente
50026534,2,,,n insuficiente
50026535,1,,,n insuficiente
50026536,1,,,n insuficiente
50027481,15,,,precio constante
50027482,22,,,precio constante
50027483,1,,,n insuficiente
50027505,7,,,n insuficiente
50027536,2,,,n insuficiente
50027540,9,,,n insuficiente
50027542,8,,,n insuficiente
50027544,25,,,precio constante
50028190,9,,,n insuficiente
50029456,30,,,precio constante
50029457,28,,,precio constante
50030080,1,,,n insuficiente
50031938,126,,,precio constante
50031939,38,,,precio constante
50032997,10,,,n insuficiente
50033933,21,,,precio constante
50034108,8,,,n insuficiente
50040822,4,,,n insuficiente
50040888,11,,,n insuficiente
50040889,37,,,precio constante
50043752,2,,,n insuficiente
50048334,2,,,n insuficiente
50049770,68,,,precio constante
50052012,9,,,n insuficiente
50053644,10,,,n insuficiente
50055438,16,,,precio constante
50055439,7,,,n insuficiente
50055440,3,,,n insuficiente
50056533,40,,,precio constante
50057053,3,,,n insuficiente
50057064,2,,,n insuficiente
50058266,5,,,n insuficiente
50061121,4,,,n insuficiente
50061122,3,,,n insuficiente
50061382,3,,,n insuficiente
50061413,2,,,n insuficiente
50061414,24,,,precio constante
50061415,1,,,n insuficiente
50061416,6,,,n insuficiente
50061417,10,,,n insuficiente
50061418,14,,,precio constante
50061419,10,,,n insuficiente
50061420,20,,,precio constante
50061421,13,,,precio constante
50061430,10,,,n insuficiente
50061431,8,,,n insuficiente
50061432,2,,,n insuficiente
50061433,7,,,n insuficiente
50061434,5,,,n insuficiente
50061435,6,,,n insuficiente
50061436,2,,,n insuficiente
50061437,3,,,n insuficiente
50061438,4,,,n insuficiente
50061439,2,,,n insuficiente
50061599,24,,,precio constante
50061600,34,,,precio constante
50061735,209,,,precio constante
50061736,24,,,precio constante
50061745,32,,,precio constante
50061746,13,,,precio constante
50061747,44,,,precio constante
50061989,92,,,precio constante
50062034,125,,,precio constante
50062186,47,,,precio constante
50062187,116,,,precio constante
50062188,76,,,precio constante
50062262,67,,,precio constante
50062265,66,,,precio constante
50062278,12,,,precio constante
50063371,27,,,precio constante
50063372,44,,,precio constante
50066250,59,,,precio constante
50066347,84,,,precio constante
50066388,99,,,precio constante
50066389,237,,,precio constante
50066390,210,,,precio constante
50066411,2,,,n insuficiente
50066412,8,,,n insuficiente
50066979,7,,,n insuficiente
50068605,76,,,precio constante
50068606,41,,,precio constante
50068607,33,,,precio constante
50068608,48,,,precio constante
50068609,25,,,precio constante
50068610,23,,,precio constante
50068611,33,,,precio constante
50068612,48,,,precio constante
50068613,61,,,precio constante
50068614,28,,,precio constante
50068869,16,,,precio constante
50068871,4,,,n insuficiente
50073243,1,,,n insuficiente
50076719,11,,,n insuficiente
50076720,8,,,n insuficiente
50076721,3,,,n insuficiente
50076727,18,,,precio constante
50076728,9,,,n insuficiente
50076729,16,,,precio constante
50076734,5,,,n insuficiente
50076735,7,,,n insuficiente
50076740,10,,,n insuficiente
50076741,4,,,n insuficiente
50076743,11,,,n insuficiente
50076744,6,,,n insuficiente
50076758,4,,,n insuficiente
50076759,3,,,n insuficiente
50076768,7,,,n insuficiente
50076882,247,,,precio constante
50076883,2,,,n insuficiente
50076884,7,,,n insuficiente
50076885,1,,,n insuficiente
50076886,2,,,n insuficiente
50076887,7,,,n insuficiente
50076888,3,,,n insuficiente
50077035,5,,,n insuficiente
50083762,5,,,n insuficiente
50086322,52,,,precio constante
50086329,73,,,precio constante
50093135,18,,,precio constante
50094184,10,,,n insuficiente
50094185,53,,,precio constante
50094186,15,,,precio constante
50094187,56,,,precio constante
50094188,23,,,precio constante
50094189,9,,,n insuficiente
50094190,9,,,n insuficiente
50094191,9,,,n insuficiente
50094192,5,,,n insuficiente
50094193,12,,,precio constante
50094194,4,,,n insuficiente
50094195,30,,,precio constante
50094199,23,,,precio constante
50094200,74,,,precio constante
50094201,18,,,precio constante
50094202,7,,,n insuficiente
50094203,10,,,n insuficiente
50094204,1,,,n insuficiente
50099645,137,,,precio constante
50099646,117,,,precio constante
50099647,166,,,precio constante
50099648,234,,,precio constante
50100411,5,,,n insuficiente
50100412,4,,,n insuficiente
50100414,1,,,n insuficiente
50102977,2,,,n insuficiente
50102978,3,,,n insuficiente
50102979,3,,,n insuficiente
50102980,1,,,n insuficiente
50104814,15,,,precio constante
50109395,14,,,precio constante
50109396,12,,,precio constante
50116435,36,,,precio constante
50116756,4,,,n insuficiente
50116757,7,,,n insuficiente
50116761,4,,,n insuficiente
50116769,7,,,n insuficiente
50116770,55,,,precio constante
50116774,27,,,precio constante
50116778,15,,,precio constante
50116783,23,,,precio constante
50116865,1,,,n insuficiente
50125168,32,,,precio constante
50125169,13,,,precio constante
50125170,35,,,precio constante
50125171,9,,,n insuficiente
50125173,14,,,precio constante
50125174,9,,,n insuficiente
50125175,28,,,precio constante
50125459,22,,,precio constante
50125468,23,,,precio constante
50125474,20,,,precio constante
50125485,43,,,precio constante
50125494,15,,,precio constante
50125508,34,,,precio constante
50131056,14,,,precio constante
50131057,11,,,n insuficiente
50131071,14,,,precio constante
50131072,15,,,precio constante
50131073,21,,,precio constante
50131089,24,,,precio constante
50131093,20,,,precio constante
50131126,12,,,precio constante
50131127,7,,,n insuficiente
50131142,11,,,n insuficiente
50131143,12,,,precio constante
50131154,19,,,precio constante
50131158,3,,,n insuficiente
50131347,11,,,n insuficiente
50131513,23,,,precio constante
50131515,4,,,n insuficiente
50131516,3,,,n insuficiente
50131517,2,,,n insuficiente
50133020,7,,,n insuficiente
50134599,5,,,n insuficiente
50134619,8,,,n insuficiente
50134620,6,,,n insuficiente
50134621,11,,,n insuficiente
50134622,7,,,n insuficiente
50134623,11,,,n insuficiente
50136621,1,,,n insuficiente
50136622,1,,,n insuficiente
50136623,3,,,n insuficiente
50137083,7,,,n insuficiente
50137084,1,,,n insuficiente
50137086,1,,,n insuficiente
50137087,4,,,n insuficiente
50137088,1,,,n insuficiente
50137404,2,,,n insuficiente
50137590,1,,,n insuficiente
50137592,1,,,n insuficiente
50137593,1,,,n insuficiente
50137609,1,,,n insuficiente
50137611,1,,,n insuficiente
50137623,1,,,n insuficiente
50137639,1,,,n insuficiente
