SKU,tipo_ventana,periodo_anterior,periodo_actual,beta_anterior,beta_actual,delta_beta,r2_actual,n_observaciones_actual,razon_cambio
50028915,semestral,2024-06-30,2024-07-31,-0.0026233103214621,0.3395719933491253,0.3421953036705874,0.3333333333333333,4,cambio_signo
50028915,semestral,2024-10-31,2024-11-30,0.101871598004738,-0.1228256734250228,-0.22469727142976081,0.0256146425319362,6,cambio_signo
50028915,semestral,2024-12-31,2025-01-31,-0.4301629028828432,0.3531974518110953,0.7833603546939385,0.4044372759114937,5,cambio_signo
50028915,semestral,2025-08-31,2025-09-30,0.0439595948244105,-0.0770078299209396,-0.1209674247453501,0.0010558132778195,16,cambio_signo
50028915,semestral,2026-01-31,2026-02-28,-0.5152567812339496,0.0541844317505955,0.5694412129845451,0.006503733086149,11,cambio_signo
50028915,trimestral,2024-07-31,2024-08-31,0.5093579900236865,-7.457135351777086e-16,-0.5093579900236873,0.0,3,cambio_signo
50028915,trimestral,2024-11-30,2025-03-31,-1.0000000000000004,0.7769968920907909,1.7769968920907915,0.8606359987188111,3,delta_abs>=1; cambio_signo
50028915,trimestral,2025-06-30,2025-08-31,0.775896754079757,-3.926900364314427,-4.702797118394184,0.3226232429638859,9,delta_abs>=1; cambio_signo
50028915,trimestral,2025-08-31,2025-09-30,-3.926900364314427,-2.454939207386773,1.4719611569276538,0.4533090297267171,6,delta_abs>=1
50028915,trimestral,2025-09-30,2025-10-31,-2.454939207386773,-0.5583223039109295,1.8966169034758436,0.2858565324909566,8,delta_abs>=1
50028915,trimestral,2026-01-31,2026-02-28,-1.0000000000000029,1.4734629025821293,2.473462902582132,1.0,5,delta_abs>=1; cambio_signo
50033183,mensual,2024-01-31,2024-05-31,-2.632116462963962,-0.1775813789547702,2.454535084009192,0.2500000000000001,3,delta_abs>=1
50033183,mensual,2024-05-31,2024-08-31,-0.1775813789547702,-4.308227952766679,-4.13064657381191,0.6498435342977396,5,delta_abs>=1
50033183,mensual,2024-08-31,2025-10-31,-4.308227952766679,0.9430521759065564,5.251280128673236,0.4923679971040664,4,delta_abs>=1; cambio_signo
50033183,semestral,2024-11-30,2024-12-31,-0.4550178847102136,-2.935751228127449,-2.4807333434172354,0.6559302339011771,10,delta_abs>=1
50033183,semestral,2025-01-31,2025-02-28,-3.050073827443919,0.3673632998527295,3.4174371272966484,0.0789616728613304,8,delta_abs>=1; cambio_signo
50033183,semestral,2025-07-31,2025-08-31,0.3898503583460046,-0.134840548677666,-0.5246909070236706,0.0178895459604051,11,cambio_signo
50033183,semestral,2025-09-30,2025-10-31,-0.1606190367196627,0.0037418191993305,0.16436085591899322,1.4960517468964872e-05,12,cambio_signo
50033183,trimestral,2024-03-31,2024-04-30,-5.668240988256861,-0.0887906894773849,5.579450298779476,0.0624999999999998,5,delta_abs>=1
50033183,trimestral,2024-08-31,2024-09-30,-0.1680217589590943,-4.458064273832238,-4.290042514873144,0.7349690638350361,7,delta_abs>=1
50033183,trimestral,2024-10-31,2024-11-30,-4.458064273832238,-2.8810299439429183,1.5770343298893197,0.800358042268032,5,delta_abs>=1
50033183,trimestral,2025-01-31,2025-02-28,-3.4689407598163804,1.150877739790445,4.619818499606826,0.9562386195829142,3,delta_abs>=1; cambio_signo
50033183,trimestral,2025-04-30,2025-05-31,0.9649549203254664,-0.2781366600288912,-1.2430915803543576,0.1318641468753201,5,delta_abs>=1; cambio_signo
50033183,trimestral,2025-06-30,2025-07-31,-0.2992734978068083,0.0228584403095692,0.32213193811637747,0.0008987119702646,5,cambio_signo
50046028,mensual,2024-04-30,2024-08-31,-2.4247552058750217,-1.1688289587716525,1.2559262471033692,0.0624589847188289,7,delta_abs>=1
50046028,mensual,2024-08-31,2024-09-30,-1.1688289587716525,-11.972202249912502,-10.80337329114085,0.3452499756280718,6,delta_abs>=1
50046028,mensual,2024-09-30,2025-07-31,-11.972202249912502,-1.619688137349988,10.352514112562515,0.4166666666666666,7,delta_abs>=1
50046028,mensual,2025-07-31,2025-08-31,-1.619688137349988,1.9436257648199853,3.5633139021699733,1.0,4,delta_abs>=1; cambio_signo
50046028,mensual,2025-08-31,2025-09-30,1.9436257648199853,-3.843826372833812,-5.787452137653797,0.0624999999999998,5,delta_abs>=1; cambio_signo
50046028,semestral,2024-06-30,2024-07-31,-3.281700496707197,-5.874430323639829,-2.592729826932632,0.0155547331699289,27,delta_abs>=1
50046028,semestral,2024-07-31,2024-08-31,-5.874430323639829,-2.618927742299053,3.255502581340776,0.0586825737791744,32,delta_abs>=1
50046028,semestral,2025-01-31,2025-02-28,-2.6488870401047824,-6.637472481940574,-3.988585441835792,0.0246100014163719,29,delta_abs>=1
50046028,semestral,2025-02-28,2025-03-31,-6.637472481940574,-2.8441587685805363,3.793313713360038,0.0177657911302749,26,delta_abs>=1
50046028,semestral,2025-03-31,2025-04-30,-2.8441587685805363,2.914929615432316,5.759088384012852,0.0342351002707883,24,delta_abs>=1; cambio_signo
50046028,semestral,2025-04-30,2025-05-31,2.914929615432316,-1.3196646049579688,-4.234594220390285,0.0194158570800072,23,delta_abs>=1; cambio_signo
50046028,semestral,2025-05-31,2025-06-30,-1.3196646049579688,-2.9321514156937534,-1.6124868107357846,0.100436218017185,22,delta_abs>=1
50046028,semestral,2025-07-31,2025-08-31,-2.0624785640982,-0.0698391896333813,1.992639374464819,0.0002950362606388,25,delta_abs>=1
50046028,semestral,2025-12-31,2026-01-31,-0.3727166071091775,0.5171338885342136,0.889850495643391,0.0068192200347263,30,cambio_signo
50046028,semestral,2026-01-31,2026-02-28,0.5171338885342136,-2.965167907034579,-3.4823017955687927,0.0087683497878244,31,delta_abs>=1; cambio_signo
50046028,trimestral,2024-06-30,2024-08-31,-3.463806603028349,-1.8967433435448748,1.5670632594834741,0.0382947799484448,20,delta_abs>=1
50046028,trimestral,2024-10-31,2024-11-30,-2.027365640148896,-5.682073285433221,-3.654707645284325,0.036801664279543,16,delta_abs>=1
50046028,trimestral,2024-11-30,2025-03-31,-5.682073285433221,-4.576310388354703,1.1057628970785176,0.0693039204739773,11,delta_abs>=1
50046028,trimestral,2025-03-31,2025-04-30,-4.576310388354703,0.743546803543996,5.319857191898699,0.0034042961790565,7,delta_abs>=1; cambio_signo
50046028,trimestral,2025-04-30,2025-05-31,0.743546803543996,2.462834976325308,1.719288172781312,0.0614701365815444,10,delta_abs>=1
50046028,trimestral,2025-05-31,2025-07-31,2.462834976325308,-1.6296132824765523,-4.092448258801861,0.1761475977813128,17,delta_abs>=1; cambio_signo
50046028,trimestral,2025-07-31,2025-08-31,-1.6296132824765523,-0.3737741855423047,1.2558390969342477,0.0192307692307693,15,delta_abs>=1
50046028,trimestral,2025-09-30,2025-10-31,-0.2742840906303043,0.6538470352541922,0.9281311258844964,0.0189085026446819,17,cambio_signo
50046028,trimestral,2025-10-31,2025-11-30,0.6538470352541922,-2.696756579159665,-3.350603614413857,0.0146738125398295,16,delta_abs>=1; cambio_signo
50046029,mensual,2024-01-31,2024-03-31,218.07750667229809,-4.851270086341859,-222.92877675863994,0.0625,5,delta_abs>=1; cambio_signo
50046029,mensual,2024-03-31,2024-04-30,-4.851270086341859,-9.330331027876849,-4.479060941534989,0.1083377559446,7,delta_abs>=1
50046029,mensual,2024-04-30,2024-08-31,-9.330331027876849,0.1558719989195442,9.486203026796392,0.0006458449901183,10,delta_abs>=1; cambio_signo
50046029,mensual,2024-08-31,2024-12-31,0.1558719989195442,-10.743713597137765,-10.899585596057308,0.2531557443855237,4,delta_abs>=1; cambio_signo
50046029,mensual,2024-12-31,2025-03-31,-10.743713597137765,-5.255769764153756,5.4879438329840085,0.1829439825205668,6,delta_abs>=1
50046029,mensual,2025-03-31,2025-04-30,-5.255769764153756,-3.96882369154454,1.2869460726092163,0.0419643224640547,5,delta_abs>=1
50046029,mensual,2025-04-30,2025-06-30,-3.96882369154454,1.0455139220608962,5.014337613605436,0.0006885278381757,11,delta_abs>=1; cambio_signo
50046029,mensual,2025-07-31,2025-08-31,1.0994431384356131,-0.5051083397866696,-1.6045514782222827,0.0038109480913878,7,delta_abs>=1; cambio_signo
50046029,mensual,2025-08-31,2025-10-31,-0.5051083397866696,-15.6013127412062,-15.09620440141953,0.404206286013995,5,delta_abs>=1
50046029,mensual,2025-10-31,2025-11-30,-15.6013127412062,-11.176375259225264,4.424937481980937,0.1227502962266171,7,delta_abs>=1
50046029,mensual,2025-11-30,2025-12-31,-11.176375259225264,-0.6276429561812928,10.548732303043971,0.0015787484263716,9,delta_abs>=1
50046029,mensual,2025-12-31,2026-02-28,-0.6276429561812928,-62.47279233701963,-61.845149380838336,0.7264424243007275,5,delta_abs>=1
50046029,semestral,2024-06-30,2024-07-31,-9.310863013929936,-10.865420182442,-1.5545571685120638,0.0819313687855585,34,delta_abs>=1
50046029,semestral,2024-07-31,2024-08-31,-10.865420182442,-0.8144341705895833,10.050986011852416,0.0106283349843658,37,delta_abs>=1
50046029,semestral,2024-09-30,2024-10-31,-0.2455438647698957,0.1565612330914744,0.4021050978613701,0.0004495138836843,31,cambio_signo
50046029,semestral,2024-11-30,2024-12-31,0.1390271769414012,-0.7266226145184796,-0.8656497914598809,0.0110066254698925,28,cambio_signo
50046029,semestral,2025-01-31,2025-02-28,-0.9536730854131384,-7.360225132920722,-6.406552047507584,0.0230508599581028,25,delta_abs>=1
50046029,semestral,2025-02-28,2025-03-31,-7.360225132920722,-1.6010798035306344,5.759145329390088,0.0086589897463622,29,delta_abs>=1
50046029,semestral,2025-05-31,2025-06-30,-1.1274985156376036,0.7460617313033582,1.8735602469409618,0.0044403849933646,32,delta_abs>=1; cambio_signo
50046029,semestral,2025-07-31,2025-08-31,0.5897105028719171,-0.6731825675599664,-1.2628930704318835,0.0053758840189902,39,delta_abs>=1; cambio_signo
50046029,semestral,2025-12-31,2026-01-31,-0.6240588232291282,-2.8770052822639927,-2.2529464590348645,0.0531197948053183,37,delta_abs>=1
50046029,semestral,2026-01-31,2026-02-28,-2.8770052822639927,-8.024975037410446,-5.147969755146454,0.0942801358337611,35,delta_abs>=1
50046029,semestral,2026-03-31,2026-04-30,-8.101172592105081,-5.0870815694436855,3.014091022661396,0.0275940476811561,35,delta_abs>=1
50046029,trimestral,2024-03-31,2024-04-30,-3.2590362404634554,-8.831652548578377,-5.572616308114922,0.1002897957132462,19,delta_abs>=1
50046029,trimestral,2024-04-30,2024-05-31,-8.831652548578377,-7.370013077129921,1.4616394714484562,0.0728608751683402,18,delta_abs>=1
50046029,trimestral,2024-05-31,2024-06-30,-7.370013077129921,-12.914742845595004,-5.544729768465083,0.102631909594802,20,delta_abs>=1
50046029,trimestral,2024-06-30,2024-08-31,-12.914742845595004,0.7902768168090302,13.705019662404034,0.0149927218030992,19,delta_abs>=1; cambio_signo
50046029,trimestral,2024-10-31,2024-12-31,0.0679985090029798,-7.250219798652329,-7.318218307655308,0.0430494655163813,14,delta_abs>=1; cambio_signo
50046029,trimestral,2025-01-31,2025-02-28,-6.4972123471964816,-5.111563442457007,1.3856489047394742,0.040556905631942,13,delta_abs>=1
50046029,trimestral,2025-02-28,2025-03-31,-5.111563442457007,-0.3591658924221165,4.752397550034891,0.0008447006943494,15,delta_abs>=1
50046029,trimestral,2025-04-30,2025-05-31,-1.3580677310202482,-4.3803236842976485,-3.0222559532774005,0.1544114198924188,12,delta_abs>=1
50046029,trimestral,2025-05-31,2025-06-30,-4.3803236842976485,-1.414968990300867,2.9653546939967814,0.0019849787302661,17,delta_abs>=1
50046029,trimestral,2025-06-30,2025-07-31,-1.414968990300867,1.2044189897614055,2.619387980062273,0.0176545254056903,21,delta_abs>=1; cambio_signo
50046029,trimestral,2025-07-31,2025-08-31,1.2044189897614055,-0.0394574540033981,-1.2438764437648036,2.0291501508173937e-05,27,delta_abs>=1; cambio_signo
50046029,trimestral,2025-08-31,2025-09-30,-0.0394574540033981,0.1720777806893007,0.2115352346926988,0.0005692880652808,19,cambio_signo
50046029,trimestral,2025-09-30,2025-10-31,0.1720777806893007,-1.8500658573330704,-2.022143638022371,0.0332522334551581,15,delta_abs>=1; cambio_signo
50046029,trimestral,2025-10-31,2025-11-30,-1.8500658573330704,-12.05935233275485,-10.209286475421779,0.1907882383574355,15,delta_abs>=1
50046029,trimestral,2025-11-30,2025-12-31,-12.05935233275485,-7.466976607802519,4.592375724952331,0.1198486262578686,21,delta_abs>=1
50046029,trimestral,2025-12-31,2026-01-31,-7.466976607802519,-4.32218336532033,3.144793242482189,0.028628111921616,22,delta_abs>=1
50046029,trimestral,2026-01-31,2026-02-28,-4.32218336532033,-2.8856353833438866,1.4365479819764437,0.0139022534301536,20,delta_abs>=1
50046029,trimestral,2026-02-28,2026-03-31,-2.8856353833438866,-48.13941002870914,-45.253774645365255,0.1532045702243138,15,delta_abs>=1
50046029,trimestral,2026-03-31,2026-04-30,-48.13941002870914,-54.21864894952725,-6.079238920818106,0.2177812249598328,13,delta_abs>=1
50046030,mensual,2024-08-31,2025-07-31,2.595445651586681,0.3886716419749282,-2.2067740096117525,0.0399999999999999,6,delta_abs>=1
50046030,semestral,2024-11-30,2024-12-31,0.4042843772827424,-0.0896558215903894,-0.4939401988731318,0.0002786673577407,25,cambio_signo
50046030,semestral,2025-01-31,2025-02-28,-0.1185575683418078,2.391189400289346,2.5097469686311538,0.0147378373425107,20,delta_abs>=1; cambio_signo
50046030,semestral,2025-02-28,2025-03-31,2.391189400289346,3.503453189390396,1.1122637891010503,0.0369550625910755,17,delta_abs>=1
50046030,semestral,2025-06-30,2025-07-31,2.1776006731008275,0.4146192858586746,-1.762981387242153,0.0052733168112022,15,delta_abs>=1
50046030,semestral,2026-01-31,2026-02-28,1.0250935842747757,12.962795445336546,11.93770186106177,0.3586035006589768,17,delta_abs>=1
50046030,semestral,2026-03-31,2026-04-30,13.676783084246512,5.212418806305241,-8.464364277941272,0.2071093354187667,19,delta_abs>=1
50046030,trimestral,2024-08-31,2024-09-30,0.6680559026529979,-0.3190290967318055,-0.9870849993848034,0.0052482997704642,15,cambio_signo
50046030,trimestral,2024-09-30,2024-10-31,-0.3190290967318055,0.0888098901327172,0.4078389868645227,0.0002946275959555,14,cambio_signo
50046030,trimestral,2024-10-31,2024-11-30,0.0888098901327172,2.9342606586515703,2.845450768518853,0.0264471648336829,12,delta_abs>=1
50046030,trimestral,2024-11-30,2025-03-31,2.9342606586515703,4.109723714030001,1.1754630553784309,0.2222222222222222,7,delta_abs>=1
50046030,trimestral,2025-03-31,2025-04-30,4.109723714030001,-0.2995794242308984,-4.409303138260899,0.0005985125038733,6,delta_abs>=1; cambio_signo
50046030,trimestral,2025-04-30,2025-07-31,-0.2995794242308984,0.4858395524686797,0.785418976699578,0.0357142857142857,9,cambio_signo
50046030,trimestral,2025-10-31,2026-01-31,0.8100204107040213,12.477283850879484,11.667263440175462,0.4168328734593598,11,delta_abs>=1
50046030,trimestral,2026-01-31,2026-02-28,12.477283850879484,14.176574431482848,1.699290580603364,0.6840765434546242,9,delta_abs>=1
50046030,trimestral,2026-02-28,2026-03-31,14.176574431482848,15.390353417627956,1.2137789861451083,1.0,8,delta_abs>=1
50050823,mensual,2024-02-29,2025-01-31,-4.852655114500947,-3.106015758335255,1.746639356165692,0.3332694397001834,4,delta_abs>=1
50050823,mensual,2025-01-31,2025-02-28,-3.106015758335255,-1.5530823192712264,1.5529334390640284,0.25,3,delta_abs>=1
50050823,mensual,2025-02-28,2026-01-31,-1.5530823192712264,-7.580804299958945,-6.027721980687719,0.0949682615227587,6,delta_abs>=1
50050823,semestral,2024-07-31,2024-11-30,-7.7041401378773635,6.093485809024228,13.797625946901592,0.0282143412406485,15,delta_abs>=1; cambio_signo
50050823,semestral,2024-11-30,2024-12-31,6.093485809024228,1.923597340757175,-4.169888468267054,0.0331903657746348,13,delta_abs>=1
50050823,semestral,2024-12-31,2025-01-31,1.923597340757175,-1.069459913938498,-2.993057254695673,0.1261816762823221,14,delta_abs>=1; cambio_signo
50050823,semestral,2025-04-30,2025-05-31,-0.5957718178474549,0.1054396505610688,0.7012114684085238,0.0010657769926004,17,cambio_signo
50050823,semestral,2025-06-30,2025-07-31,0.1560785185334061,-0.4484008117107815,-0.6044793302441875,0.0178424163605979,17,cambio_signo
50050823,semestral,2025-08-31,2025-09-30,-0.9313776288532688,1.944590974544229,2.8759686033974976,0.0045940774340998,14,delta_abs>=1; cambio_signo
50050823,semestral,2025-09-30,2025-10-31,1.944590974544229,3.7233141030435566,1.7787231284993277,0.0151522764246198,13,delta_abs>=1
50050823,semestral,2025-10-31,2025-11-30,3.7233141030435566,0.9633086459308964,-2.76000545711266,0.0019955224031724,14,delta_abs>=1
50050823,semestral,2025-11-30,2025-12-31,0.9633086459308964,2.373641573323545,1.4103329273926488,0.0130480704069081,13,delta_abs>=1
50050823,semestral,2025-12-31,2026-01-31,2.373641573323545,-1.777615681726632,-4.151257255050178,0.0062653797442201,16,delta_abs>=1; cambio_signo
50050823,semestral,2026-01-31,2026-02-28,-1.777615681726632,-5.284521770338857,-3.5069060886122254,0.038894312083048,18,delta_abs>=1
50050823,trimestral,2024-03-31,2024-04-30,-6.273225887865698,-9.40698021404551,-3.133754326179811,0.118942648637166,9,delta_abs>=1
50050823,trimestral,2024-04-30,2024-11-30,-9.40698021404551,4.504066030402854,13.911046244448364,0.0666666666666666,7,delta_abs>=1; cambio_signo
50050823,trimestral,2024-11-30,2024-12-31,4.504066030402854,1.874837112134776,-2.6292289182680784,0.1159160371477818,7,delta_abs>=1
50050823,trimestral,2024-12-31,2025-01-31,1.874837112134776,-1.8636771399090504,-3.738514252043826,0.3411603029090788,8,delta_abs>=1; cambio_signo
50050823,trimestral,2025-02-28,2025-03-31,-2.484852311354189,-1.3311141752427462,1.153738136111443,0.063218383500065,10,delta_abs>=1
50050823,trimestral,2025-03-31,2025-04-30,-1.3311141752427462,0.1891951231181517,1.520309298360898,0.0040282178877113,9,delta_abs>=1; cambio_signo
50050823,trimestral,2025-04-30,2025-05-31,0.1891951231181517,-0.237024697139187,-0.42621982025733873,0.002879826990087,9,cambio_signo
50050823,trimestral,2025-05-31,2025-08-31,-0.237024697139187,6.466796615840985,6.703821312980172,0.2222222222222224,7,delta_abs>=1; cambio_signo
50050823,trimestral,2025-08-31,2025-09-30,6.466796615840985,4.252308527911694,-2.2144880879292907,0.024770328669324,6,delta_abs>=1
50050823,trimestral,2025-09-30,2025-10-31,4.252308527911694,2.890755417114504,-1.3615531107971903,0.0118771915005549,5,delta_abs>=1
50050823,trimestral,2025-10-31,2025-11-30,2.890755417114504,-4.540085496460052,-7.430840913574556,0.0277958901378868,7,delta_abs>=1; cambio_signo
50050823,trimestral,2026-01-31,2026-02-28,-4.211683351312702,-5.73119932256748,-1.519515971254778,0.0471445415290128,11,delta_abs>=1
50050823,trimestral,2026-02-28,2026-03-31,-5.73119932256748,-7.201132943045796,-1.469933620478316,0.0578036407406136,13,delta_abs>=1
50056239,mensual,2024-06-30,2024-07-31,-1.3799290304735436,1.159178214688655,2.5391072451621985,0.266284296393292,5,delta_abs>=1; cambio_signo
50056239,mensual,2024-12-31,2025-01-31,0.2794711382256931,-0.7688948243780912,-1.0483659626037842,0.927650607681619,4,delta_abs>=1; cambio_signo
50056239,mensual,2025-01-31,2025-02-28,-0.7688948243780912,0.2843306353851509,1.053225459763242,0.1003787290282447,3,delta_abs>=1; cambio_signo
50056239,mensual,2025-02-28,2025-03-31,0.2843306353851509,-4.785201082025928,-5.069531717411079,0.3309019855231927,7,delta_abs>=1; cambio_signo
50056239,mensual,2025-03-31,2025-07-31,-4.785201082025928,1.5846044608676837,6.369805542893612,0.880443159031158,4,delta_abs>=1; cambio_signo
50056239,mensual,2025-07-31,2025-09-30,1.5846044608676837,-3.91393892315686,-5.4985433840245435,0.9319189271749296,4,delta_abs>=1; cambio_signo
50056239,mensual,2025-09-30,2026-04-30,-3.91393892315686,1.259090195218576,5.173029118375436,0.2989482896276831,4,delta_abs>=1; cambio_signo
50056239,semestral,2024-10-31,2024-11-30,-0.0418019793458603,0.1287448610481656,0.1705468403940259,0.0016715474358955,16,cambio_signo
50056239,semestral,2024-12-31,2025-01-31,0.2257703871669175,-0.3494412438794838,-0.5752116310464013,0.1427525350652098,15,cambio_signo
50056239,semestral,2025-06-30,2025-07-31,-0.4043064805855875,0.3693316485098115,0.773638129095399,0.0377272014716939,18,cambio_signo
50056239,semestral,2025-07-31,2025-08-31,0.3693316485098115,-0.2061702566175626,-0.5755019051273741,0.0030658447453384,17,cambio_signo
50056239,semestral,2025-12-31,2026-01-31,-0.0037776681482266,-2.434911094982282,-2.4311334268340556,0.1397865387793293,14,delta_abs>=1
50056239,semestral,2026-02-28,2026-04-30,-3.0577370078195463,0.834556314781644,3.89229332260119,0.0352359144963594,15,delta_abs>=1; cambio_signo
50056239,trimestral,2024-05-31,2024-06-30,-0.2646068523928446,-4.314663085053118,-4.050056232660273,0.4418309828409115,7,delta_abs>=1
50056239,trimestral,2024-06-30,2024-07-31,-4.314663085053118,-0.0695703839716696,4.2450927010814485,0.0004206665155438,12,delta_abs>=1
50056239,trimestral,2024-07-31,2024-08-31,-0.0695703839716696,0.2715029857867317,0.3410733697584013,0.0089295661681151,10,cambio_signo
50056239,trimestral,2024-09-30,2024-12-31,1.1495390168392587,0.1356101821546174,-1.0139288346846413,0.0408422218517332,6,delta_abs>=1
50056239,trimestral,2024-12-31,2025-01-31,0.1356101821546174,-0.317952736241759,-0.4535629183963764,0.173893313774969,9,cambio_signo
50056239,trimestral,2025-03-31,2025-04-30,-0.47781963654157,0.1251226679175508,0.6029423044591208,0.0043938192771967,11,cambio_signo
50056239,trimestral,2025-04-30,2025-05-31,0.1251226679175508,-6.065053267202186,-6.190175935119737,0.4341115996254369,9,delta_abs>=1; cambio_signo
50056239,trimestral,2025-05-31,2025-06-30,-6.065053267202186,-13.481623826859131,-7.416570559656945,0.8639825786561102,4,delta_abs>=1
50056239,trimestral,2025-06-30,2025-07-31,-13.481623826859131,1.7062227058374355,15.187846532696566,0.6636550653197297,7,delta_abs>=1; cambio_signo
50056239,trimestral,2025-07-31,2025-08-31,1.7062227058374355,0.6515852174991024,-1.0546374883383332,0.1306870971625653,8,delta_abs>=1
50056239,trimestral,2025-09-30,2025-10-31,0.1360239003277687,-3.073607633021185,-3.2096315333489533,0.2764242626068772,9,delta_abs>=1; cambio_signo
50056239,trimestral,2025-11-30,2026-04-30,-3.368553256658544,1.0253915957422552,4.393944852400799,0.0819983127575609,10,delta_abs>=1; cambio_signo
50062025,mensual,2024-03-31,2024-07-31,-1.0538449551859033,-3.233643190801456,-2.1797982356155527,0.111111111111111,4,delta_abs>=1
50062025,mensual,2024-07-31,2024-08-31,-3.233643190801456,13.509717025714671,16.743360216516127,0.2768282468204901,5,delta_abs>=1; cambio_signo
50062025,mensual,2024-08-31,2024-09-30,13.509717025714671,-3.880371828961688,-17.39008885467636,0.1,6,delta_abs>=1; cambio_signo
50062025,mensual,2024-09-30,2024-12-31,-3.880371828961688,-2.6623552781963005,1.2180165507653875,0.0306980791604317,12,delta_abs>=1
50062025,mensual,2024-12-31,2025-11-30,-2.6623552781963005,5.5173437584214655,8.179699036617766,0.1682462723791906,8,delta_abs>=1; cambio_signo
50062025,mensual,2025-11-30,2026-02-28,5.5173437584214655,3.288299629623736,-2.2290441287977294,0.1666666666666667,5,delta_abs>=1
50062025,semestral,2024-08-31,2024-09-30,-0.5548319617317896,0.5076604506640473,1.0624924123958368,0.0008897490920608,20,delta_abs>=1; cambio_signo
50062025,semestral,2024-11-30,2024-12-31,0.709728173110887,-0.4445160188150149,-1.1542441919259019,0.0006474096620421,37,delta_abs>=1; cambio_signo
50062025,semestral,2025-01-31,2025-02-28,-0.3137090805711378,-4.403534459874032,-4.089825379302894,0.0267050562551943,35,delta_abs>=1
50062025,semestral,2025-03-31,2025-04-30,-4.513557950698651,-5.567926385029002,-1.0543684343303514,0.0170632981636622,31,delta_abs>=1
50062025,semestral,2025-05-31,2025-11-30,-6.532136726185554,4.984247735624817,11.516384461810372,0.0268990281683934,23,delta_abs>=1; cambio_signo
50062025,semestral,2025-11-30,2025-12-31,4.984247735624817,7.110600019009944,2.1263522833851267,0.1224904123145104,23,delta_abs>=1
50062025,semestral,2026-01-31,2026-02-28,6.652047333381955,4.181502309338546,-2.4705450240434095,0.125531883499906,22,delta_abs>=1
50062025,trimestral,2024-05-31,2024-07-31,-0.5270396899810837,-1.9401859144810083,-1.4131462244999247,0.0400000000000001,6,delta_abs>=1
50062025,trimestral,2024-07-31,2024-08-31,-1.9401859144810083,2.277030918930818,4.217216833411826,0.0143852918067468,11,delta_abs>=1; cambio_signo
50062025,trimestral,2024-08-31,2024-09-30,2.277030918930818,-1.0292120363813873,-3.3062429553122055,0.0039771981029064,15,delta_abs>=1; cambio_signo
50062025,trimestral,2024-09-30,2024-10-31,-1.0292120363813873,2.0524610528630864,3.0816730892444735,0.0101373823037862,15,delta_abs>=1; cambio_signo
50062025,trimestral,2024-10-31,2024-11-30,2.0524610528630864,-2.5869145526421784,-4.639375605505265,0.022222222222222,16,delta_abs>=1; cambio_signo
50062025,trimestral,2024-12-31,2025-01-31,-2.3267912001910123,-3.9949224107588193,-1.668131210567807,0.0198402977651306,22,delta_abs>=1
50062025,trimestral,2025-01-31,2025-02-28,-3.9949224107588193,-5.912223869942695,-1.9173014591838755,0.0330830863892476,19,delta_abs>=1
50062025,trimestral,2025-02-28,2025-11-30,-5.912223869942695,6.5621560461901245,12.474379916132818,0.2147318216989587,10,delta_abs>=1; cambio_signo
50062025,trimestral,2026-01-31,2026-02-28,6.27585003649887,2.3914906397263245,-3.8843593967725454,0.0454545454545456,12,delta_abs>=1
50062267,mensual,2024-02-29,2024-04-30,9.722683952737118,29.74895168676624,20.026267734029123,0.216731483858545,7,delta_abs>=1
50062267,mensual,2024-04-30,2024-07-31,29.74895168676624,6.05596965965725,-23.69298202710899,0.5555555555555555,8,delta_abs>=1
50062267,mensual,2024-07-31,2024-08-31,6.05596965965725,-1.3736138764114476,-7.429583536068698,0.0792936231362909,9,delta_abs>=1; cambio_signo
50062267,mensual,2024-08-31,2024-09-30,-1.3736138764114476,7.744792979369869,9.118406855781316,0.4000000000000001,6,delta_abs>=1; cambio_signo
50062267,mensual,2024-09-30,2025-01-31,7.744792979369869,-0.0257390412696281,-7.770532020639497,5.233915564550884e-05,7,delta_abs>=1; cambio_signo
50062267,mensual,2025-01-31,2025-02-28,-0.0257390412696281,2.439623920682491,2.4653629619521187,0.0181330686396457,5,delta_abs>=1; cambio_signo
50062267,mensual,2025-02-28,2025-03-31,2.439623920682491,19.06604896328873,16.62642504260624,1.0,5,delta_abs>=1
50062267,semestral,2024-06-30,2024-07-31,8.559694456177645,3.7719397015564375,-4.787754754621208,0.1453247294335468,21,delta_abs>=1
50062267,semestral,2024-07-31,2024-08-31,3.7719397015564375,-0.8415706877842724,-4.61351038934071,0.0211039691151047,27,delta_abs>=1; cambio_signo
50062267,semestral,2025-03-31,2025-04-30,-0.2147049880778417,0.0005773126586315,0.2152823007364732,5.1024796610121825e-09,32,cambio_signo
50062267,semestral,2025-04-30,2025-05-31,0.0005773126586315,-0.1956312063957012,-0.1962085190543327,0.0007906130537587,31,cambio_signo
50062267,semestral,2025-05-31,2025-06-30,-0.1956312063957012,0.1918042509326742,0.38743545732837537,0.0005374119974551,28,cambio_signo
50062267,semestral,2025-06-30,2025-07-31,0.1918042509326742,2.916510133989181,2.7247058830565067,0.0039323813843425,25,delta_abs>=1
50062267,semestral,2025-07-31,2025-08-31,2.916510133989181,1.7651224182022864,-1.1513877157868944,0.0201798875426221,23,delta_abs>=1
50062267,trimestral,2024-04-30,2024-05-31,8.509206242352999,31.4515227841689,22.942316541815902,0.2098018192888722,10,delta_abs>=1
50062267,trimestral,2024-05-31,2024-06-30,31.4515227841689,29.82171288875597,-1.6298098954129294,0.2005113899146428,9,delta_abs>=1
50062267,trimestral,2024-06-30,2024-07-31,29.82171288875597,4.232405554882855,-25.589307333873116,0.3395366975731758,10,delta_abs>=1
50062267,trimestral,2024-07-31,2024-08-31,4.232405554882855,-0.9865597216617964,-5.218965276544652,0.0421956504139588,17,delta_abs>=1; cambio_signo
50062267,trimestral,2024-10-31,2024-11-30,-1.3898667652490728,3.5893024493436125,4.979169214592686,0.0122954457727203,11,delta_abs>=1; cambio_signo
50062267,trimestral,2024-11-30,2025-01-31,3.5893024493436125,-0.3571454436762624,-3.946447893019875,0.003404849543604,15,delta_abs>=1; cambio_signo
50062267,trimestral,2025-03-31,2025-04-30,-0.2574447724262481,3.137712888923835,3.3951576613500833,0.0084266159158304,17,delta_abs>=1; cambio_signo
50062267,trimestral,2025-04-30,2025-05-31,3.137712888923835,7.632866298462808,4.495153409538974,0.012230790944737,14,delta_abs>=1
50062267,trimestral,2025-05-31,2025-08-31,7.632866298462808,1.9471666961575511,-5.685699602305257,0.0422723513613548,9,delta_abs>=1
50062267,trimestral,2025-08-31,2025-09-30,1.9471666961575511,0.8998916511503664,-1.0472750450071846,0.0447139610753521,8,delta_abs>=1
50062268,mensual,2024-01-31,2024-06-30,-3339.2379424708324,-617.581486244837,2721.6564562259955,0.0223460414817379,3,delta_abs>=1
50062268,mensual,2024-06-30,2024-08-31,-617.581486244837,0.0362135129998192,617.6176997578368,8.426916833925713e-05,14,delta_abs>=1; cambio_signo
50062268,mensual,2024-08-31,2025-01-31,0.0362135129998192,-0.516549669473832,-0.5527631824736512,0.0276529877849408,5,cambio_signo
50062268,mensual,2025-01-31,2025-02-28,-0.516549669473832,5.805341421847116,6.321891091320948,0.2000000000000001,6,delta_abs>=1; cambio_signo
50062268,mensual,2025-02-28,2025-07-31,5.805341421847116,-0.5733499623725039,-6.37869138421962,0.0113659387962563,7,delta_abs>=1; cambio_signo
50062268,mensual,2025-08-31,2026-03-31,-0.485339209846598,3.297047346347809,3.7823865561944072,0.2514292835383881,3,delta_abs>=1; cambio_signo
50062268,semestral,2024-06-30,2024-07-31,-4481.050792210324,-2.242332749126774,4478.808459461197,0.0165744745389967,24,delta_abs>=1
50062268,semestral,2024-07-31,2024-08-31,-2.242332749126774,0.049295826719627,2.291628575846401,5.341249430323991e-05,34,delta_abs>=1; cambio_signo
50062268,semestral,2024-09-30,2024-10-31,0.2341839542908222,-0.3667076763327063,-0.6008916306235285,0.0032947378398957,36,cambio_signo
50062268,semestral,2025-05-31,2025-06-30,-0.2876334150102551,0.1302307331143065,0.4178641481245616,0.0003097778130453,28,cambio_signo
50062268,semestral,2025-06-30,2025-07-31,0.1302307331143065,-0.9322010443433432,-1.0624317774576497,0.0105275177038312,30,delta_abs>=1; cambio_signo
50062268,semestral,2026-01-31,2026-02-28,-0.7861332456593453,-59.24963077200489,-58.46349752634555,0.3371428454771932,19,delta_abs>=1
50062268,semestral,2026-02-28,2026-03-31,-59.24963077200489,4.249804613569995,63.499435385574884,0.0314124363530216,20,delta_abs>=1; cambio_signo
50062268,trimestral,2024-03-31,2024-07-31,-5536.990808355733,-2.166545410994993,5534.824262944738,0.0872668276649268,9,delta_abs>=1
50062268,trimestral,2024-07-31,2024-08-31,-2.166545410994993,-0.1357076883759251,2.0308377226190677,0.0010274817799869,19,delta_abs>=1
50062268,trimestral,2024-10-31,2024-11-30,-0.265085649365525,-6.632074128725169,-6.3669884793596445,0.0201651589438369,16,delta_abs>=1
50062268,trimestral,2024-11-30,2024-12-31,-6.632074128725169,-4.412351289105184,2.219722839619985,0.0601382169572016,12,delta_abs>=1
50062268,trimestral,2024-12-31,2025-01-31,-4.412351289105184,-1.5603474642724036,2.8520038248327806,0.3121335447983628,11,delta_abs>=1
50062268,trimestral,2025-02-28,2025-03-31,-0.738746141959531,0.0411412609175246,0.7798874028770556,6.089046327584224e-05,15,cambio_signo
50062268,trimestral,2025-03-31,2025-04-30,0.0411412609175246,3.831514094399196,3.7903728334816713,0.0136903897399789,16,delta_abs>=1
50062268,trimestral,2025-04-30,2025-07-31,3.831514094399196,-0.8081735203854838,-4.6396876147846795,0.0146726030506012,14,delta_abs>=1; cambio_signo
50062268,trimestral,2025-10-31,2025-11-30,-0.6700432955994521,-55.68356721828556,-55.01352392268611,0.4792387454271182,11,delta_abs>=1
50062268,trimestral,2025-11-30,2026-03-31,-55.68356721828556,2.838961889074054,58.52252910735962,0.0420483387219313,8,delta_abs>=1; cambio_signo
50062268,trimestral,2026-03-31,2026-04-30,2.838961889074054,0.9522492653025636,-1.8867126237714902,0.0209448056447323,8,delta_abs>=1
50062269,mensual,2024-05-31,2024-08-31,-1488.0137031297031,2.623584463108707,1490.6372875928118,0.332963538833096,9,delta_abs>=1; cambio_signo
50062269,mensual,2024-08-31,2024-10-31,2.623584463108707,-6.234421021191081,-8.858005484299788,0.1525197063036153,5,delta_abs>=1; cambio_signo
50062269,mensual,2024-10-31,2025-01-31,-6.234421021191081,-1.1487215381619118,5.0856994830291695,0.0334049164120917,4,delta_abs>=1
50062269,mensual,2025-01-31,2025-07-31,-1.1487215381619118,-3.0818712866898976,-1.9331497485279858,1.0,3,delta_abs>=1
50062269,mensual,2025-07-31,2025-08-31,-3.0818712866898976,1.3371358996381355,4.419007186328033,0.1427947926246637,8,delta_abs>=1; cambio_signo
50062269,semestral,2024-07-31,2024-08-31,-2.379911866168169,2.926025960843777,5.305937827011946,0.1747168828868771,21,delta_abs>=1; cambio_signo
50062269,semestral,2024-09-30,2024-10-31,1.9508873293218385,0.7705171167246543,-1.1803702125971842,0.0169844456950876,24,delta_abs>=1
50062269,semestral,2024-11-30,2024-12-31,0.2616749071079087,-0.1677188365290979,-0.42939374363700655,0.0007108547706864,24,cambio_signo
50062269,semestral,2025-01-31,2025-02-28,-0.6320885160556509,-2.656263232534793,-2.024174716479142,0.125375772046972,16,delta_abs>=1
50062269,semestral,2025-07-31,2025-08-31,-1.998578988124324,0.4997897862593247,2.498368774383649,0.0183395701996291,18,delta_abs>=1; cambio_signo
50062269,trimestral,2024-03-31,2024-04-30,-3832.3203117345856,-4199.310293691325,-366.98998195673903,0.5115630176716566,8,delta_abs>=1
50062269,trimestral,2024-04-30,2024-07-31,-4199.310293691325,-2.0032268328795624,4197.307066858445,0.0861238742723894,8,delta_abs>=1
50062269,trimestral,2024-07-31,2024-08-31,-2.0032268328795624,2.5055286252958875,4.50875545817545,0.1633675927475454,14,delta_abs>=1; cambio_signo
50062269,trimestral,2024-08-31,2024-09-30,2.5055286252958875,1.3632250882266146,-1.142303537069273,0.0555191147987205,14,delta_abs>=1
50062269,trimestral,2024-09-30,2024-10-31,1.3632250882266146,0.1517941536952274,-1.2114309345313872,0.0007344183766906,16,delta_abs>=1
50062269,trimestral,2024-10-31,2024-11-30,0.1517941536952274,-4.316111602454314,-4.467905756149541,0.0985508970584786,10,delta_abs>=1; cambio_signo
50062269,trimestral,2025-07-31,2025-08-31,-1.7832405923109291,0.4622634421524075,2.2455040344633366,0.0178548938350771,13,delta_abs>=1; cambio_signo
50063368,mensual,2024-01-31,2024-07-31,-3.554025079455504,17.462605163898523,21.016630243354026,0.7714285714285715,6,delta_abs>=1; cambio_signo
50063368,mensual,2024-07-31,2024-12-31,17.462605163898523,11.395801966109769,-6.066803197788754,0.6424791613365438,4,delta_abs>=1
50063368,mensual,2024-12-31,2025-01-31,11.395801966109769,2.461211372666204,-8.934590593443565,0.25,3,delta_abs>=1
50063368,mensual,2025-01-31,2025-02-28,2.461211372666204,-4.922422745332319,-7.383634117998523,1.0,4,delta_abs>=1; cambio_signo
50063368,mensual,2025-02-28,2025-03-31,-4.922422745332319,-3.547197198284157,1.3752255470481618,0.2500000000000001,3,delta_abs>=1
50063368,semestral,2024-06-30,2024-07-31,-1.05778445448849,24.323147638918304,25.380932093406795,0.8093596624294974,15,delta_abs>=1; cambio_signo
50063368,semestral,2024-07-31,2024-08-31,24.323147638918304,21.944077753433028,-2.3790698854852756,0.5180622428989845,16,delta_abs>=1
50063368,semestral,2024-09-30,2024-10-31,22.2021015184201,16.62035856986478,-5.58174294855532,0.2726574130874911,17,delta_abs>=1
50063368,semestral,2024-10-31,2024-11-30,16.62035856986478,1.363213878135468,-15.257144691729312,0.0692098935566726,17,delta_abs>=1
50063368,semestral,2024-11-30,2024-12-31,1.363213878135468,-0.3031499912431741,-1.666363869378642,0.0158098025823641,20,delta_abs>=1; cambio_signo
50063368,semestral,2025-04-30,2025-05-31,-0.2444096316673006,0.9020808182247204,1.146490449892021,0.021773704255362,16,delta_abs>=1; cambio_signo
50063368,semestral,2025-05-31,2025-06-30,0.9020808182247204,-0.1817779888514762,-1.0838588070761965,0.0017411573897497,15,delta_abs>=1; cambio_signo
50063368,semestral,2025-09-30,2025-10-31,-0.65280013621889,0.9991693607388736,1.6519694969577636,0.0556394939491684,11,delta_abs>=1; cambio_signo
50063368,trimestral,2024-03-31,2024-04-30,-5.178605672355523,30.28892295219988,35.4675286245554,0.9103342992002774,6,delta_abs>=1; cambio_signo
50063368,trimestral,2024-06-30,2024-07-31,29.803823327359,18.19021371239439,-11.613609614964613,0.78125,9,delta_abs>=1
50063368,trimestral,2024-07-31,2024-08-31,18.19021371239439,14.952384180900836,-3.237829531493553,0.2470868869178507,11,delta_abs>=1
50063368,trimestral,2024-09-30,2024-12-31,15.356739297499054,-0.8757452701433104,-16.232484567642363,0.1149780537430202,8,delta_abs>=1; cambio_signo
50063368,trimestral,2025-01-31,2025-02-28,-0.1326941077267158,1.4118881288494436,1.5445822365761595,0.0352210012327948,11,delta_abs>=1; cambio_signo
50063368,trimestral,2025-02-28,2025-03-31,1.4118881288494436,-1.1806102090907062,-2.5924983379401496,0.0600686748285814,10,delta_abs>=1; cambio_signo
50063368,trimestral,2025-05-31,2025-07-31,-0.4907399515416352,8.453445144551996e-05,0.4908244859930807,1.5444493461913567e-09,6,cambio_signo
50065845,mensual,2024-04-30,2024-11-30,-3.076912557212017,3.23376686605878,6.310679423270797,0.1111111111111109,4,delta_abs>=1; cambio_signo
50065845,mensual,2024-11-30,2025-08-31,3.23376686605878,-7.2799338055604785,-10.513700671619258,0.375,5,delta_abs>=1; cambio_signo
50065845,mensual,2025-08-31,2025-09-30,-7.2799338055604785,23.017026525107887,30.296960330668366,0.1202583031055521,4,delta_abs>=1; cambio_signo
50065845,mensual,2025-09-30,2025-10-31,23.017026525107887,-4.8532892037072175,-27.870315728815104,0.1666666666666667,5,delta_abs>=1; cambio_signo
50065845,semestral,2024-07-31,2024-08-31,-1.600114071320908,-4.584143307448028,-2.98402923612712,0.0269670577512403,21,delta_abs>=1
50065845,semestral,2024-08-31,2024-09-30,-4.584143307448028,-3.195149763165772,1.3889935442822559,0.0179501323749945,25,delta_abs>=1
50065845,semestral,2024-10-31,2024-11-30,-3.195904644100279,-0.6961647633604624,2.4997398807398166,0.0006388379823033,25,delta_abs>=1
50065845,semestral,2024-11-30,2024-12-31,-0.6961647633604624,-1.8074320821068133,-1.1112673187463509,0.0042779588320811,24,delta_abs>=1
50065845,semestral,2024-12-31,2025-01-31,-1.8074320821068133,0.0377763138205721,1.8452083959273853,1.305395809558796e-06,24,delta_abs>=1; cambio_signo
50065845,semestral,2025-01-31,2025-02-28,0.0377763138205721,2.0009994538704228,1.9632231400498508,0.0141248529008108,21,delta_abs>=1
50065845,semestral,2025-02-28,2025-03-31,2.0009994538704228,6.0892072615737085,4.088207807703286,0.0769149740337158,16,delta_abs>=1
50065845,semestral,2025-04-30,2025-05-31,5.970031137339087,-2.2399796324804564,-8.210010769819544,0.0209790209790204,14,delta_abs>=1; cambio_signo
50065845,semestral,2025-05-31,2025-06-30,-2.2399796324804564,-0.6933270291010195,1.546652603379437,0.0095238095238094,16,delta_abs>=1
50065845,semestral,2025-06-30,2025-07-31,-0.6933270291010195,-3.75985028371342,-3.0665232546124006,0.0513381117301106,19,delta_abs>=1
50065845,semestral,2026-01-31,2026-02-28,-4.511232806916693,-1.074540467227205,3.436692339689488,0.0007289374934082,23,delta_abs>=1
50065845,semestral,2026-02-28,2026-03-31,-1.074540467227205,-4.315555066634142,-3.2410145994069364,0.0144199655814508,22,delta_abs>=1
50065845,trimestral,2024-03-31,2024-04-30,-8.171432806541254,-3.164167563242916,5.007265243298338,0.0988424891360375,8,delta_abs>=1
50065845,trimestral,2024-05-31,2024-06-30,-3.84876205511854,-1.5384562786060454,2.310305776512495,0.0181818181818184,12,delta_abs>=1
50065845,trimestral,2024-06-30,2024-08-31,-1.5384562786060454,-5.175107279191731,-3.6366510005856854,0.0151087989227222,11,delta_abs>=1
50065845,trimestral,2024-10-31,2024-11-30,-5.166266031716415,1.9544871970258528,7.1207532287422675,0.0173400206015434,14,delta_abs>=1; cambio_signo
50065845,trimestral,2024-11-30,2024-12-31,1.9544871970258528,4.283160593272457,2.3286733962466037,0.0496354550956643,11,delta_abs>=1
50065845,trimestral,2024-12-31,2025-01-31,4.283160593272457,5.389611443431531,1.1064508501590744,0.1111111111111111,10,delta_abs>=1
50065845,trimestral,2025-01-31,2025-05-31,5.389611443431531,-1.6177630679023776,-7.007374511333909,0.0277777777777782,7,delta_abs>=1; cambio_signo
50065845,trimestral,2025-06-30,2025-07-31,-1.078508711934911,-4.170067416593505,-3.0915587046585937,0.072172580312269,15,delta_abs>=1
50065845,trimestral,2025-07-31,2025-08-31,-4.170067416593505,-5.952186545568298,-1.7821191289747933,0.1341382767932436,16,delta_abs>=1
50065845,trimestral,2025-08-31,2025-09-30,-5.952186545568298,-4.897251927167536,1.054934618400762,0.0333555918481974,16,delta_abs>=1
50065845,trimestral,2025-10-31,2025-11-30,-5.339769136277928,-4.322386517892148,1.0173826183857804,0.0135451786535979,14,delta_abs>=1
50066990,mensual,2024-06-30,2024-08-31,18.118454683525982,-1.1659699654619662,-19.284424648987947,0.1999659138392466,6,delta_abs>=1; cambio_signo
50066990,mensual,2024-08-31,2025-06-30,-1.1659699654619662,5.557802917064671,6.723772882526637,0.037662129202137,9,delta_abs>=1; cambio_signo
50066990,mensual,2025-06-30,2025-07-31,5.557802917064671,-2.075410454939909,-7.63321337200458,0.3040358216449111,6,delta_abs>=1; cambio_signo
50066990,mensual,2025-07-31,2026-02-28,-2.075410454939909,-16.116829423965953,-14.041418969026044,0.2500955091315947,3,delta_abs>=1
50066990,semestral,2024-07-31,2024-08-31,1.1608088344496237,-0.1727437258895413,-1.333552560339165,0.0007466972341425,19,delta_abs>=1; cambio_signo
50066990,semestral,2024-10-31,2024-11-30,-0.3069839573646141,0.1868898259475359,0.49387378331215,0.0004267163454944,27,cambio_signo
50066990,semestral,2024-11-30,2024-12-31,0.1868898259475359,-0.7079919061519395,-0.8948817320994754,0.0071448252306109,23,cambio_signo
50066990,semestral,2025-01-31,2025-03-31,-0.6299358192928775,-6.720234405087611,-6.090298585794733,0.1276269709649554,15,delta_abs>=1
50066990,semestral,2025-04-30,2025-05-31,-7.071541795214341,-4.758373665661271,2.3131681295530706,0.2631563651234112,10,delta_abs>=1
50066990,semestral,2025-05-31,2025-06-30,-4.758373665661271,3.4369836940212246,8.195357359682495,0.0682464713912275,17,delta_abs>=1; cambio_signo
50066990,semestral,2025-06-30,2025-07-31,3.4369836940212246,-0.3882676151968304,-3.825251309218055,0.0018765401187306,18,delta_abs>=1; cambio_signo
50066990,semestral,2025-11-30,2025-12-31,-0.7409092327265661,-2.3987045896911243,-1.6577953569645583,0.1483105745162883,30,delta_abs>=1
50066990,semestral,2025-12-31,2026-02-28,-2.3987045896911243,-4.46581398126732,-2.0671093915761953,0.0127488935567809,26,delta_abs>=1
50066990,trimestral,2024-03-31,2024-04-30,-5.552800576871435,-3.070039189022701,2.4827613878487336,0.0399093509442216,6,delta_abs>=1
50066990,trimestral,2024-04-30,2024-05-31,-3.070039189022701,-10.72640577552651,-7.656366586503809,0.3038572477620476,6,delta_abs>=1
50066990,trimestral,2024-05-31,2024-06-30,-10.72640577552651,5.128839972625446,15.855245748151956,0.0872922932508682,9,delta_abs>=1; cambio_signo
50066990,trimestral,2024-07-31,2024-08-31,5.128839972625782,0.161179674266479,-4.967660298359303,0.0008822594989688,13,delta_abs>=1
50066990,trimestral,2024-08-31,2024-09-30,0.161179674266479,-1.387972161291883,-1.549151835558362,0.1428136668023963,15,delta_abs>=1; cambio_signo
50066990,trimestral,2024-10-31,2025-03-31,-1.1432268110552108,-4.619529572925212,-3.4763027618700013,0.2743539925779545,7,delta_abs>=1
50066990,trimestral,2025-03-31,2025-06-30,-4.619529572925212,7.231492688382006,11.851022261307218,0.0569823753505168,10,delta_abs>=1; cambio_signo
50066990,trimestral,2025-06-30,2025-07-31,7.231492688382006,-0.2535205163247169,-7.485013204706723,0.0008837995659145,16,delta_abs>=1; cambio_signo
50066990,trimestral,2025-08-31,2025-09-30,-0.4893107211221497,-2.486089624193401,-1.9967789030712515,0.2718027084033749,16,delta_abs>=1
50066990,trimestral,2025-09-30,2026-02-28,-2.486089624193401,-6.343027321492584,-3.8569376972991827,0.030748514205857,14,delta_abs>=1
50066990,trimestral,2026-03-31,2026-04-30,-7.165508938176295,-10.484647695738094,-3.3191387575617988,0.1745348903748428,6,delta_abs>=1
50073101,mensual,2024-03-31,2024-08-31,-7.391347873795621,0.075556522198389,7.4669043959940105,0.0011865641356997,7,delta_abs>=1; cambio_signo
50073101,mensual,2024-08-31,2025-03-31,0.075556522198389,-3.2375467653923846,-3.3131032875907738,0.111111111111111,4,delta_abs>=1; cambio_signo
50073101,mensual,2025-03-31,2026-02-28,-3.2375467653923846,3.2853808821471544,6.5229276475395395,0.2500000000000001,3,delta_abs>=1; cambio_signo
50073101,semestral,2024-07-31,2024-08-31,-7.821413000456763,-0.9525813777256738,6.86883162273109,0.065650214618511,19,delta_abs>=1
50073101,semestral,2024-08-31,2024-09-30,-0.9525813777256738,0.0115943515853649,0.9641757293110387,1.0777429350072865e-05,17,cambio_signo
50073101,semestral,2024-09-30,2024-10-31,0.0115943515853649,-0.0841222353819125,-0.0957165869672774,0.0005963924146568,16,cambio_signo
50073101,semestral,2024-10-31,2024-11-30,-0.0841222353819125,0.0572387112230196,0.1413609466049321,0.0002838616704344,14,cambio_signo
50073101,semestral,2024-12-31,2025-01-31,0.2596089183937663,-0.040361467758534,-0.2999703861523003,0.0001563953679206,12,cambio_signo
50073101,semestral,2025-01-31,2025-02-28,-0.040361467758534,-6.735289005984662,-6.694927538226128,0.1428571428571426,8,delta_abs>=1
50073101,semestral,2025-02-28,2025-03-31,-6.735289005984662,0.4214625277662143,7.156751533750876,0.005046970648883,11,delta_abs>=1; cambio_signo
50073101,semestral,2025-04-30,2025-05-31,0.1631178578523333,-0.3911839939185914,-0.5543018517709246,0.0005637820269792,14,cambio_signo
50073101,semestral,2025-05-31,2025-06-30,-0.3911839939185914,-1.949159814929175,-1.5579758210105834,0.0158989095192583,17,delta_abs>=1
50073101,semestral,2025-06-30,2025-07-31,-1.949159814929175,-6.169651893266047,-4.220492078336872,0.6919926913046102,18,delta_abs>=1
50073101,semestral,2026-01-31,2026-02-28,-5.9199722809428055,0.5234579584608842,6.44343023940369,0.0028633580763902,14,delta_abs>=1; cambio_signo
50073101,trimestral,2024-05-31,2024-08-31,-7.71493404941751,-0.1254956857859042,7.589438363631605,0.0027176662846842,11,delta_abs>=1
50073101,trimestral,2024-08-31,2024-09-30,-0.1254956857859042,0.8053047884017346,0.9308004741876388,0.0659851006602266,9,cambio_signo
50073101,trimestral,2024-10-31,2025-03-31,0.460364984684886,-1.3875200423110057,-1.8478850269958917,0.0204081632653059,8,delta_abs>=1; cambio_signo
50073101,trimestral,2025-04-30,2025-05-31,-1.0791822551307293,-3.653972931841471,-2.574790676710742,0.0314570053318039,9,delta_abs>=1
50073101,trimestral,2025-05-31,2025-06-30,-3.653972931841471,-2.4409227952644503,1.2130501365770208,0.0157923708211646,9,delta_abs>=1
50073101,trimestral,2025-06-30,2025-07-31,-2.4409227952644503,-6.126311573492655,-3.685388778228205,0.7366973435021704,8,delta_abs>=1
50073101,trimestral,2025-09-30,2025-12-31,-5.427272508990434,-1.9425280592349383,3.484744449755496,0.0399999999999999,6,delta_abs>=1
50073101,trimestral,2025-12-31,2026-01-31,-1.9425280592349383,-3.2375467653922594,-1.295018706157321,0.111111111111111,4,delta_abs>=1
50073101,trimestral,2026-01-31,2026-02-28,-3.2375467653922594,0.4919414118253234,3.7294881772175827,0.0060546599430943,6,delta_abs>=1; cambio_signo
50073101,trimestral,2026-02-28,2026-03-31,0.4919414118253234,3.9424570585765695,3.450515646751246,0.2000000000000001,6,delta_abs>=1
50077229,mensual,2024-01-31,2024-02-29,1.7088053260302527,0.5814204722580304,-1.1273848537722224,0.0254842070686367,7,delta_abs>=1
50077229,mensual,2024-03-31,2024-04-30,1.1792644242033852,2.461991838100376,1.2827274138969909,0.355530253578769,7,delta_abs>=1
50077229,mensual,2024-04-30,2024-05-31,2.461991838100376,4.9900045013312,2.5280126632308244,0.3374589312325745,8,delta_abs>=1
50077229,mensual,2024-05-31,2024-06-30,4.9900045013312,-56.20299343777344,-61.19299793910464,0.2162585414653969,10,delta_abs>=1; cambio_signo
50077229,mensual,2024-06-30,2024-07-31,-56.20299343777344,7.506890591605998,63.70988402937944,0.2110177906125456,9,delta_abs>=1; cambio_signo
50077229,mensual,2024-07-31,2024-08-31,7.506890591605998,0.8897627384502587,-6.61712785315574,0.0314806482235444,9,delta_abs>=1
50077229,mensual,2024-08-31,2024-09-30,0.8897627384502587,1.8903966724474648,1.0006339339972061,0.0036877844186831,9,delta_abs>=1
50077229,mensual,2024-09-30,2024-10-31,1.8903966724474648,15.181695189375848,13.291298516928382,0.2466515134359764,8,delta_abs>=1
50077229,mensual,2024-10-31,2024-11-30,15.181695189375848,4.077678983622817,-11.10401620575303,0.2024761906233936,7,delta_abs>=1
50077229,mensual,2024-11-30,2025-01-31,4.077678983622817,-126.75026158799656,-130.82794057161937,0.1718912728527678,10,delta_abs>=1; cambio_signo
50077229,mensual,2025-01-31,2025-02-28,-126.75026158799656,7.933414883157344,134.68367647115392,0.7703716449054075,4,delta_abs>=1; cambio_signo
50077229,mensual,2025-02-28,2025-03-31,7.933414883157344,2.022609395837231,-5.910805487320113,0.2941410788886565,5,delta_abs>=1
50077229,mensual,2025-03-31,2025-07-31,2.022609395837231,-11.02574087002909,-13.04835026586632,0.1688475353134224,9,delta_abs>=1; cambio_signo
50077229,mensual,2025-07-31,2025-08-31,-11.02574087002909,-0.6256701128874301,10.400070757141659,0.2831349776090958,9,delta_abs>=1
50077229,mensual,2025-08-31,2025-12-31,-0.6256701128874301,3.43311900443861,4.05878911732604,0.0515608939786741,5,delta_abs>=1; cambio_signo
50077229,semestral,2025-01-31,2025-02-28,2.263569986441215,4.182476451281791,1.918906464840576,0.0929877939375584,45,delta_abs>=1
50077229,semestral,2025-06-30,2025-07-31,3.724479525168535,1.480848672207041,-2.243630852961494,0.0080132560035052,39,delta_abs>=1
50077229,semestral,2025-07-31,2025-08-31,1.480848672207041,-0.5123420690044053,-1.9931907412114462,0.0537950686298891,44,delta_abs>=1; cambio_signo
50077229,semestral,2026-01-31,2026-02-28,-0.596030385320214,-2.2929810305837366,-1.6969506452635226,0.0016090714755974,27,delta_abs>=1
50077229,semestral,2026-03-31,2026-04-30,-2.887262774340167,1.332796876511544,4.220059650851711,0.0010491639861652,21,delta_abs>=1; cambio_signo
50077229,trimestral,2024-05-31,2024-06-30,1.7384608994799773,2.947731814536521,1.2092709150565437,0.2453792781774586,25,delta_abs>=1
50077229,trimestral,2024-06-30,2024-07-31,2.947731814536521,5.184481060816738,2.236749246280217,0.2054436928008226,27,delta_abs>=1
50077229,trimestral,2024-07-31,2024-08-31,5.184481060816738,1.6615950361722724,-3.5228860246444658,0.0746366540872867,28,delta_abs>=1
50077229,trimestral,2024-10-31,2024-11-30,1.8017946521525523,4.091967043029544,2.2901723908769913,0.1285094350198883,24,delta_abs>=1
50077229,trimestral,2024-12-31,2025-01-31,4.3306180214234535,3.2892254496221573,-1.0413925718012962,0.0641186094325293,24,delta_abs>=1
50077229,trimestral,2025-01-31,2025-02-28,3.2892254496221573,7.4225785357729,4.133353086150743,0.10660391933214,21,delta_abs>=1
50077229,trimestral,2025-02-28,2025-03-31,7.4225785357729,5.465836862318,-1.9567416734549008,0.1978333605512031,19,delta_abs>=1
50077229,trimestral,2025-03-31,2025-04-30,5.465836862318,3.949779784388853,-1.5160570779291467,0.1109373335091205,16,delta_abs>=1
50077229,trimestral,2025-04-30,2025-05-31,3.949779784388853,1.5712955435940683,-2.3784842407947844,0.009185815217423,20,delta_abs>=1
50077229,trimestral,2025-05-31,2025-07-31,1.5712955435940683,-8.185904593675623,-9.757200137269692,0.0447800975467047,23,delta_abs>=1; cambio_signo
50077229,trimestral,2025-07-31,2025-08-31,-8.185904593675623,-0.5382444104515027,7.6476601832241204,0.1034980177892804,24,delta_abs>=1
50077229,trimestral,2025-10-31,2025-12-31,-0.6222901245784456,-4.600041048217458,-3.977750923639012,0.0108020718236244,15,delta_abs>=1
50077229,trimestral,2025-12-31,2026-01-31,-4.600041048217458,-0.9332635648287548,3.666777483388703,0.0006422401584993,14,delta_abs>=1
50077229,trimestral,2026-01-31,2026-02-28,-0.9332635648287548,0.6861048776120241,1.6193684424407788,0.0003378695658753,14,delta_abs>=1; cambio_signo
50084493,mensual,2024-05-31,2024-08-31,0.3489367307028986,-11.150133533786844,-11.499070264489744,0.9867494832587484,4,delta_abs>=1; cambio_signo
50084493,mensual,2024-08-31,2024-09-30,-11.150133533786844,0.4532652842969593,11.603398818083804,0.0916270781900662,4,delta_abs>=1; cambio_signo
50084493,mensual,2024-10-31,2024-11-30,1.061372697038784,-0.4124236297778214,-1.4737963268166054,0.2101054390867238,7,delta_abs>=1; cambio_signo
50084493,mensual,2025-01-31,2025-03-31,-0.3696719193192314,0.4283265850583497,0.797998504377581,0.0712463612032117,4,cambio_signo
50084493,mensual,2025-03-31,2025-04-30,0.4283265850583497,5.350285877829034,4.921959292770684,0.7185579237141734,4,delta_abs>=1
50084493,mensual,2025-04-30,2025-05-31,5.350285877829034,3.1012005200832444,-2.2490853577457894,0.4487684595004184,5,delta_abs>=1
50084493,mensual,2025-05-31,2025-06-30,3.1012005200832444,0.8814205150991515,-2.219780004984093,0.1482364761317121,7,delta_abs>=1
50084493,mensual,2025-06-30,2025-08-31,0.8814205150991515,-0.657166906317106,-1.5385874214162576,0.1128313525063192,7,delta_abs>=1; cambio_signo
50084493,mensual,2025-09-30,2025-10-31,-1.5101273580920092,-0.4762145824154425,1.0339127756765667,0.1937281342625545,4,delta_abs>=1
50084493,mensual,2025-10-31,2025-12-31,-0.4762145824154425,0.5191669360799613,0.9953815184954038,0.1816695521136885,3,cambio_signo
50084493,mensual,2025-12-31,2026-01-31,0.5191669360799613,-0.3027576815370806,-0.8219246176170419,0.0672647411356099,7,cambio_signo
50084493,mensual,2026-01-31,2026-03-31,-0.3027576815370806,-15.384562786060656,-15.081805104523575,0.829386005798664,3,delta_abs>=1
50084493,mensual,2026-03-31,2026-04-30,-15.384562786060656,0.4961931025565754,15.88075588861723,0.1053882788361019,5,delta_abs>=1; cambio_signo
50084493,semestral,2025-10-31,2025-11-30,0.037020722234016,-0.0398988630213465,-0.0769195852553625,0.0005259688333699,32,cambio_signo
50084493,semestral,2026-02-28,2026-03-31,-0.2724911972839035,0.0953321035378406,0.3678233008217441,0.0043038308834671,21,cambio_signo
50084493,trimestral,2024-06-30,2024-07-31,0.090048343244164,-0.0321604922365525,-0.1222088354807165,0.0002950221758507,7,cambio_signo
50084493,trimestral,2024-07-31,2024-08-31,-0.0321604922365525,-11.952191137095564,-11.920030644859011,0.206487705467621,8,delta_abs>=1
50084493,trimestral,2024-08-31,2024-09-30,-11.952191137095564,0.2646278950744294,12.216819032169994,0.0197234508829784,11,delta_abs>=1; cambio_signo
50084493,trimestral,2025-02-28,2025-03-31,0.096113143761018,-0.0182316159993714,-0.1143447597603894,0.0001786233000786,11,cambio_signo
50084493,trimestral,2025-03-31,2025-04-30,-0.0182316159993714,1.1217566066671265,1.139988222666498,0.1461845456122186,11,delta_abs>=1; cambio_signo
50084493,trimestral,2025-07-31,2025-08-31,1.6282742087775706,0.4234804723860983,-1.2047937363914722,0.0393724279026711,18,delta_abs>=1
50084493,trimestral,2025-08-31,2025-09-30,0.4234804723860983,-0.4685307131013706,-0.8920111854874689,0.0543348949968995,19,cambio_signo
50084493,trimestral,2025-11-30,2025-12-31,-0.7954730359314144,0.1915933166049206,0.987066352536335,0.026069916036684,9,cambio_signo
50084493,trimestral,2025-12-31,2026-01-31,0.1915933166049206,-0.0401336547032275,-0.2317269713081481,0.0010957919377984,12,cambio_signo
50084493,trimestral,2026-01-31,2026-02-28,-0.0401336547032275,0.2356072228066589,0.2757408775098864,0.0185042795941083,12,cambio_signo
50086321,mensual,2024-08-31,2025-07-31,-3.5958393445162007,1.7825422909935067,5.378381635509707,0.1748126457932429,6,delta_abs>=1; cambio_signo
50086321,mensual,2025-08-31,2025-10-31,2.3229369444701664,-1.3855494782049704,-3.708486422675137,0.0204081632653059,8,delta_abs>=1; cambio_signo
50086321,mensual,2025-10-31,2025-12-31,-1.3855494782049704,9.698846347435374,11.084395825640344,1.0,3,delta_abs>=1; cambio_signo
50086321,mensual,2025-12-31,2026-01-31,9.698846347435374,0.2920828224272038,-9.40676352500817,0.091550858888323,6,delta_abs>=1
50086321,semestral,2024-06-30,2024-08-31,1.21835778114837,-4.414097395608999,-5.632455176757369,0.3239827833967696,21,delta_abs>=1; cambio_signo
50086321,semestral,2025-02-28,2025-03-31,-3.637067380288353,-1.616474391239264,2.0205929890490886,0.0277777777777779,7,delta_abs>=1
50086321,semestral,2025-03-31,2025-07-31,-1.616474391239264,0.8351240058865096,2.4515983971257738,0.0272724821991935,14,delta_abs>=1; cambio_signo
50086321,trimestral,2024-03-31,2024-08-31,1.0380437531599296,-4.243622948247821,-5.281666701407751,0.3450732000105312,14,delta_abs>=1; cambio_signo
50086321,trimestral,2024-11-30,2024-12-31,-4.849423173717643,-2.424711586858757,2.4247115868588858,0.0624999999999998,5,delta_abs>=1
50086321,trimestral,2024-12-31,2025-07-31,-2.424711586858757,0.9869647342295136,3.4116763210882706,0.0399644843727966,12,delta_abs>=1; cambio_signo
50086321,trimestral,2025-10-31,2025-11-30,0.7325770627372917,-2.078324217307592,-2.810901280044884,0.0178571428571425,15,delta_abs>=1; cambio_signo
50086321,trimestral,2025-11-30,2025-12-31,-2.078324217307592,4.041185978098053,6.1195101954056454,0.1736111111111116,14,delta_abs>=1; cambio_signo
50086321,trimestral,2025-12-31,2026-01-31,4.041185978098053,0.2234206013695784,-3.8177653767284743,0.0405928368916074,12,delta_abs>=1
50086321,trimestral,2026-03-31,2026-04-30,0.1983685952704239,1.645106266645174,1.44673767137475,0.0624999999999998,5,delta_abs>=1
50096451,mensual,2024-04-30,2024-06-30,-4.8478248540611055,8.0991753057895,12.947000159850605,0.1686529609376448,5,delta_abs>=1; cambio_signo
50096451,mensual,2024-06-30,2024-12-31,8.0991753057895,-5.820030925161844,-13.919206230951342,0.0692307692307691,11,delta_abs>=1; cambio_signo
50096451,mensual,2025-03-31,2025-04-30,-5.727316003724181,3.3331007946188347,9.060416798343017,0.0130707453902265,10,delta_abs>=1; cambio_signo
50096451,mensual,2025-04-30,2026-01-31,3.3331007946188347,-1.2126467403666632,-4.545747534985498,0.0156250000000001,9,delta_abs>=1; cambio_signo
50096451,semestral,2024-09-30,2024-10-31,1.6507828055863392,5.6531572794708485,4.002374473884509,0.0473085346011022,23,delta_abs>=1
50096451,semestral,2024-10-31,2024-11-30,5.6531572794708485,0.3618084047081269,-5.291348874762722,0.0078501009219762,26,delta_abs>=1
50096451,semestral,2025-01-31,2025-02-28,0.5615488852307979,-0.0089830237239599,-0.5705319089547578,6.442898963454624e-06,36,cambio_signo
50096451,semestral,2025-09-30,2025-10-31,-0.7462327333154714,0.9437580180507996,1.6899907513662709,0.0124028579492326,10,delta_abs>=1; cambio_signo
50096451,semestral,2025-10-31,2026-01-31,0.9437580180507996,-4.277409919529382,-5.221167937580182,0.0147273772923591,18,delta_abs>=1; cambio_signo
50096451,trimestral,2024-03-31,2024-04-30,1.066511691559318,-3.7277462541443183,-4.794257945703636,0.0426806515218688,14,delta_abs>=1; cambio_signo
50096451,trimestral,2024-04-30,2024-05-31,-3.7277462541443183,-5.966270870330428,-2.2385246161861097,0.1024960999068862,14,delta_abs>=1
50096451,trimestral,2024-05-31,2024-06-30,-5.966270870330428,1.221267106034957,7.187537976365385,0.0042284227079245,17,delta_abs>=1; cambio_signo
50096451,trimestral,2024-06-30,2024-07-31,1.221267106034957,9.426882412608512,8.205615306573556,0.1236766631959229,15,delta_abs>=1
50096451,trimestral,2024-07-31,2024-08-31,9.426882412608512,5.837828083520482,-3.5890543290880297,0.0677842986068707,12,delta_abs>=1
50096451,trimestral,2024-08-31,2024-09-30,5.837828083520482,2.540274285033869,-3.297553798486613,0.0080194418520057,9,delta_abs>=1
50096451,trimestral,2024-09-30,2024-10-31,2.540274285033869,0.9418270058318085,-1.5984472792020608,0.0014499320683245,8,delta_abs>=1
50096451,trimestral,2024-11-30,2024-12-31,0.0509571389201711,-0.1781748612288684,-0.22913200014903948,0.0026219517940295,23,cambio_signo
50096451,trimestral,2025-01-31,2025-02-28,-0.4161506193388673,-6.545190612350575,-6.129039993011708,0.0488453409086337,22,delta_abs>=1
50096451,trimestral,2025-03-31,2025-04-30,-6.3684353248111725,-0.4502456476646983,5.918189677146474,0.0015570413922718,22,delta_abs>=1
50096451,trimestral,2025-04-30,2025-05-31,-0.4502456476646983,0.1721905358071475,0.6224361834718458,0.0001550571405556,19,cambio_signo
50096451,trimestral,2025-05-31,2025-06-30,0.1721905358071475,4.116209156414869,3.9440186206077215,0.0182840215755117,13,delta_abs>=1
50096451,trimestral,2025-06-30,2025-07-31,4.116209156414869,1.759737374787423,-2.3564717816274463,0.047609188653079,6,delta_abs>=1
50096451,trimestral,2025-07-31,2026-01-31,1.759737374787423,-4.409024918743144,-6.168762293530567,0.0181268566303289,14,delta_abs>=1; cambio_signo
50106204,mensual,2024-02-29,2024-04-30,-4.873267379336782,0.4943659539141684,5.36763333325095,0.762694421536453,4,delta_abs>=1; cambio_signo
50106204,mensual,2024-04-30,2024-05-31,0.4943659539141684,-5.205360018497482,-5.699725972411651,0.5204773100796659,4,delta_abs>=1; cambio_signo
50106204,mensual,2024-05-31,2024-07-31,-5.205360018497482,18.097504635756348,23.30286465425383,0.9999999957785104,3,delta_abs>=1; cambio_signo
50106204,mensual,2024-07-31,2024-08-31,18.097504635756348,-2.8826380978030426,-20.98014273355939,0.6371730963341015,5,delta_abs>=1; cambio_signo
50106204,mensual,2024-09-30,2024-10-31,-2.608224718153961,-15.327573350592322,-12.719348632438361,0.4088426943593285,5,delta_abs>=1
50106204,mensual,2024-10-31,2024-11-30,-15.327573350592322,0.3942682733639271,15.72184162395625,0.023763730644708,4,delta_abs>=1; cambio_signo
50106204,mensual,2024-11-30,2024-12-31,0.3942682733639271,-0.508256241473999,-0.9025245148379261,1.0,3,cambio_signo
50106204,mensual,2024-12-31,2025-02-28,-0.508256241473999,-5.603524034236394,-5.095267792762395,0.8244253447987002,4,delta_abs>=1
50106204,mensual,2025-02-28,2025-05-31,-5.603524034236394,-2.8046971665582925,2.798826867678102,0.7892249118916282,4,delta_abs>=1
50106204,mensual,2025-05-31,2025-06-30,-2.8046971665582925,4.08532971161857,6.8900268781768625,0.75,3,delta_abs>=1; cambio_signo
50106204,mensual,2025-06-30,2025-10-31,4.08532971161857,-0.030542997348552,-4.115872708967122,3.256482845914732e-05,6,delta_abs>=1; cambio_signo
50106204,mensual,2025-10-31,2025-11-30,-0.030542997348552,0.0753046812978265,0.10584767864637849,8.389655448870492e-05,4,cambio_signo
50106204,mensual,2025-11-30,2026-04-30,0.0753046812978265,-3.611515948656853,-3.6868206299546795,1.0,4,delta_abs>=1; cambio_signo
50106204,semestral,2024-09-30,2024-10-31,-0.2503437255940646,-2.448519041191444,-2.1981753155973793,0.1770486541245706,24,delta_abs>=1
50106204,semestral,2024-10-31,2024-11-30,-2.448519041191444,-0.6493217537965333,1.799197287394911,0.0179033436501265,24,delta_abs>=1
50106204,semestral,2025-11-30,2025-12-31,-0.3563725888556549,0.0306578028554925,0.38703039171114745,2.9015555356393108e-05,18,cambio_signo
50106204,semestral,2026-02-28,2026-03-31,0.6587114132439208,-0.1212025543156726,-0.7799139675595934,0.0002345796133931,22,cambio_signo
50106204,semestral,2026-03-31,2026-04-30,-0.1212025543156726,0.3714581029761601,0.4926606572918327,0.0020931713369836,20,cambio_signo
50106204,trimestral,2024-03-31,2024-04-30,-1.8364769265049496,0.1732725548509454,2.009749481355895,0.0101972344865818,10,delta_abs>=1; cambio_signo
50106204,trimestral,2024-06-30,2024-07-31,0.0546915283484335,-2.838666858331594,-2.8933583866800276,0.2759631974709046,9,delta_abs>=1; cambio_signo
50106204,trimestral,2024-10-31,2024-11-30,-2.687634465954752,0.3191696446780283,3.0068041106327805,0.00403233936942,14,delta_abs>=1; cambio_signo
50106204,trimestral,2024-11-30,2024-12-31,0.3191696446780283,-0.2516374430958776,-0.5708070877739059,0.0115196605761208,12,cambio_signo
50106204,trimestral,2024-12-31,2025-01-31,-0.2516374430958776,0.1407126246916736,0.3923500677875512,0.0056516021362893,11,cambio_signo
50106204,trimestral,2025-01-31,2025-02-28,0.1407126246916736,-0.1208687465020181,-0.2615813711936917,0.0048737788242327,11,cambio_signo
50106204,trimestral,2025-02-28,2025-03-31,-0.1208687465020181,0.7815147611062437,0.9023835076082618,0.003909923715389,13,cambio_signo
50106204,trimestral,2025-03-31,2025-04-30,0.7815147611062437,-3.0246146650072103,-3.806129426113454,0.072232217269858,12,delta_abs>=1; cambio_signo
50106204,trimestral,2025-05-31,2025-06-30,-3.025956655785065,-1.806113402886188,1.2198432528988767,0.1706968630807445,10,delta_abs>=1
50106204,trimestral,2025-10-31,2025-11-30,-0.644812118232188,0.4844326812473646,1.1292447994795527,0.0054011011123443,12,delta_abs>=1; cambio_signo
50106204,trimestral,2025-12-31,2026-01-31,0.4089313429724255,2.855264204048656,2.4463328610762307,0.120519420956639,11,delta_abs>=1
50106204,trimestral,2026-01-31,2026-02-28,2.855264204048656,1.4372803654104576,-1.4179838386381987,0.0590648455233386,9,delta_abs>=1
50106204,trimestral,2026-02-28,2026-03-31,1.4372803654104576,-2.0977138473025323,-3.5349942127129896,0.0424560297545647,10,delta_abs>=1; cambio_signo
