archivo_origen,mes_carpeta,extension,tipo_error,detalle,requiere_revision_manual
Promociones\AGOSTO\9503_Carta responsiva promotoría stamp stick.pdf,AGOSTO,.pdf,advertencia,sin SKU detectable,SI
Promociones\AGOSTO\9503_Compras y max - PROMOTORÍA SELLO STAMP STICK.doc,AGOSTO,.doc,advertencia,libreoffice_headless_docx: FileNotFoundError: soffice/libreoffice no encontrado | doc convertido temporalmente a docx con pywin32,NO
Promociones\AGOSTO\9504_Compras y Max - PROMOCIÓN CARRITO BTS 2024.doc,AGOSTO,.doc,advertencia,libreoffice_headless_docx: FileNotFoundError: soffice/libreoffice no encontrado | doc convertido temporalmente a docx con pywin32,NO
Promociones\AGOSTO\9505_PAPELERIA_Agosto primera semana 2024.doc,AGOSTO,.doc,advertencia,libreoffice_headless_docx: FileNotFoundError: soffice/libreoffice no encontrado | doc convertido temporalmente a docx con pywin32 | sin SKU detectable,SI
Promociones\AGOSTO\9506__Compras y max - Hasta 70_ de desc en Check out Agosto 24.doc,AGOSTO,.doc,advertencia,libreoffice_headless_docx: FileNotFoundError: soffice/libreoffice no encontrado | doc convertido temporalmente a docx con pywin32,NO
Promociones\AGOSTO\9507_Compras y max - Hasta 70_ de desc en Accs Escritorio Agosto24.doc,AGOSTO,.doc,advertencia,libreoffice_headless_docx: FileNotFoundError: soffice/libreoffice no encontrado | doc convertido temporalmente a docx con pywin32,NO
Promociones\AGOSTO\9508_Compras y max - Hasta 70_ de desc en Seguridad y Mtto Agosto 24.doc,AGOSTO,.doc,advertencia,libreoffice_headless_docx: FileNotFoundError: soffice/libreoffice no encontrado | doc convertido temporalmente a docx con pywin32,NO
Promociones\AGOSTO\9509_Compras y max - ACTUALIZACIÓN PRECIO CORDON PARA GAFETE.doc,AGOSTO,.doc,advertencia,libreoffice_headless_docx: FileNotFoundError: soffice/libreoffice no encontrado | doc convertido temporalmente a docx con pywin32,NO
Promociones\AGOSTO\9510_COMPRASYMAX SKU ADICIONALES NO PARTICIPANTES PROMOCION CARRITO.doc,AGOSTO,.doc,advertencia,libreoffice_headless_docx: FileNotFoundError: soffice/libreoffice no encontrado | doc convertido temporalmente a docx con pywin32 | sin SKU detectable,SI
Promociones\AGOSTO\9511_DESCUENTOS A COLABORADORES LA COMER.doc,AGOSTO,.doc,advertencia,libreoffice_headless_docx: FileNotFoundError: soffice/libreoffice no encontrado | doc convertido temporalmente a docx con pywin32 | sin SKU detectable,SI
Promociones\AGOSTO\9512_Compras y Max - DOBLE EXHIBICIÓN Y MAX VALUE PRODUCTOS LM.doc,AGOSTO,.doc,advertencia,libreoffice_headless_docx: FileNotFoundError: soffice/libreoffice no encontrado | doc convertido temporalmente a docx con pywin32,NO
Promociones\AGOSTO\9513_Compras y max - CAMBIO PRECIO MUEBLES-.doc,AGOSTO,.doc,advertencia,libreoffice_headless_docx: FileNotFoundError: soffice/libreoffice no encontrado | doc convertido temporalmente a docx con pywin32,NO
Promociones\AGOSTO\9514_Compras y max - PROCESO PERECEDEROS CHECKOUT OPMX.doc,AGOSTO,.doc,advertencia,libreoffice_headless_docx: FileNotFoundError: soffice/libreoffice no encontrado | doc convertido temporalmente a docx con pywin32,NO
Promociones\AGOSTO\9515_Compras y max - ACTUALIZACIÓN PRECIOS SUMINISTROS OFICINA.doc,AGOSTO,.doc,advertencia,libreoffice_headless_docx: FileNotFoundError: soffice/libreoffice no encontrado | doc convertido temporalmente a docx con pywin32,NO
Promociones\AGOSTO\9516_HASTA 50_ DE DESCUENTO EN MUEBLES SELECCIONADOS- MECANICA 14133.doc,AGOSTO,.doc,advertencia,libreoffice_headless_docx: FileNotFoundError: soffice/libreoffice no encontrado | doc convertido temporalmente a docx con pywin32,NO
Promociones\AGOSTO\9517_HASTA 50_ DE DESCUENTO EN LIBROS SELECCIONADOS- MECANICA 14134.doc,AGOSTO,.doc,advertencia,libreoffice_headless_docx: FileNotFoundError: soffice/libreoffice no encontrado | doc convertido temporalmente a docx con pywin32,NO
Promociones\AGOSTO\9518_Compras y max - 20_ ENERGIZER.doc,AGOSTO,.doc,advertencia,libreoffice_headless_docx: FileNotFoundError: soffice/libreoffice no encontrado | doc convertido temporalmente a docx con pywin32,NO
Promociones\AGOSTO\9519_PROMOCIÓN CAJA DE PAPEL MARATHON.docx,AGOSTO,.docx,advertencia,sin SKU detectable,SI
Promociones\AGOSTO\9521_COMPRAS Y MAX - CAMBIOS DE PRECIO TECNOLOGÍA 09.08.24.doc,AGOSTO,.doc,advertencia,libreoffice_headless_docx: FileNotFoundError: soffice/libreoffice no encontrado | doc convertido temporalmente a docx con pywin32,NO
Promociones\AGOSTO\9522_Promociones papelería Agosto.docx,AGOSTO,.docx,advertencia,sin SKU detectable,SI
Promociones\AGOSTO\9523_Compras y max - REACTIVACIÓN MECANICA PISTOLA ETIQUETADORA.doc,AGOSTO,.doc,advertencia,libreoffice_headless_docx: FileNotFoundError: soffice/libreoffice no encontrado | doc convertido temporalmente a docx con pywin32 | sin SKU detectable,SI
Promociones\AGOSTO\9524_ACTUALIZACIÓN PRECIOS SUMINISTROS OFICINA V2AGO.doc,AGOSTO,.doc,advertencia,libreoffice_headless_docx: FileNotFoundError: soffice/libreoffice no encontrado | doc convertido temporalmente a docx con pywin32,NO
Promociones\AGOSTO\9525_Compras y Max - ACLARACIONES BOLETIN DEVOLUCION No. 625 ADHES INNOVATIONS.doc,AGOSTO,.doc,advertencia,libreoffice_headless_docx: FileNotFoundError: soffice/libreoffice no encontrado | doc convertido temporalmente a docx con pywin32,NO
Promociones\AGOSTO\9525_ID MANUEL VERONA.pdf,AGOSTO,.pdf,advertencia,sin SKU detectable,SI
Promociones\AGOSTO\9525_SKONICA24080615280 CARTA DEV.pdf,AGOSTO,.pdf,advertencia,sin SKU detectable,SI
Promociones\AGOSTO\9526_COMPRAS Y MAX - MODIFICACION DE MECANICAS TECNOLOGÍA 13.08.24.doc,AGOSTO,.doc,advertencia,libreoffice_headless_docx: FileNotFoundError: soffice/libreoffice no encontrado | doc convertido temporalmente a docx con pywin32,NO
"Promociones\AGOSTO\9528_ESCRITORIO ESTUDIANTIL DRESDE DE $2,699 A $1,599- MECANICA 14164.doc",AGOSTO,.doc,advertencia,libreoffice_headless_docx: FileNotFoundError: soffice/libreoffice no encontrado | doc convertido temporalmente a docx con pywin32,NO
"Promociones\AGOSTO\9529_ESCRITORIO ESTUDIANTIL DUBLIN DE, A - 14165.doc",AGOSTO,.doc,advertencia,libreoffice_headless_docx: FileNotFoundError: soffice/libreoffice no encontrado | doc convertido temporalmente a docx con pywin32,NO
Promociones\AGOSTO\9530_HASTA 50_ DE DESCUENTO EN MUEBLES SELECCIONADOS- MECANICA 14133- ACTUALIZADO 14.08.24 (1).doc,AGOSTO,.doc,advertencia,libreoffice_headless_docx: FileNotFoundError: soffice/libreoffice no encontrado | doc convertido temporalmente a docx con pywin32,NO
Promociones\AGOSTO\9531_Compras y max - ACTUALIZACION DE DESCUENTOS MG 14082024-.doc,AGOSTO,.doc,advertencia,libreoffice_headless_docx: FileNotFoundError: soffice/libreoffice no encontrado | doc convertido temporalmente a docx con pywin32,NO
Promociones\AGOSTO\9533_MAX VALUE PROMOCIÓN CAJA DE PAPEL MARATHON.doc,AGOSTO,.doc,advertencia,libreoffice_headless_docx: FileNotFoundError: soffice/libreoffice no encontrado | doc convertido temporalmente a docx con pywin32 | sin SKU detectable,SI
"Promociones\AGOSTO\9534_Compras y max - -30_ PASTILLAS LEONE, (1).doc",AGOSTO,.doc,advertencia,libreoffice_headless_docx: FileNotFoundError: soffice/libreoffice no encontrado | doc convertido temporalmente a docx con pywin32,NO
Promociones\AGOSTO\9535_Compras y max - PORTALETREROS DE ACRILICO 30_.doc,AGOSTO,.doc,advertencia,libreoffice_headless_docx: FileNotFoundError: soffice/libreoffice no encontrado | doc convertido temporalmente a docx con pywin32,NO
Promociones\AGOSTO\9537_Compras y Max - REGALO DE PERAFORADORA EN COMPRA DE CARPETAS.doc,AGOSTO,.doc,advertencia,libreoffice_headless_docx: FileNotFoundError: soffice/libreoffice no encontrado | doc convertido temporalmente a docx con pywin32,NO
Promociones\AGOSTO\9538_HASTA 50_ DE DESCUENTO EN MUEBLES SELECCIONADOS- MECANICA 14133- ACTUALIZADO 16.08.24.doc,AGOSTO,.doc,advertencia,libreoffice_headless_docx: FileNotFoundError: soffice/libreoffice no encontrado | doc convertido temporalmente a docx con pywin32,NO
Promociones\AGOSTO\9539_COMPRAS Y MAX - MODIFICACION DE MECANICAS TECNOLOGÍA 19.08.24.doc,AGOSTO,.doc,advertencia,libreoffice_headless_docx: FileNotFoundError: soffice/libreoffice no encontrado | doc convertido temporalmente a docx con pywin32 | sin SKU detectable,SI
Promociones\AGOSTO\9540_Compras y max - Descuentos Muebles.doc,AGOSTO,.doc,advertencia,libreoffice_headless_docx: FileNotFoundError: soffice/libreoffice no encontrado | doc convertido temporalmente a docx con pywin32,NO
Promociones\AGOSTO\9541_Promociones PAPELERIA_Agosto 2024.doc,AGOSTO,.doc,advertencia,libreoffice_headless_docx: FileNotFoundError: soffice/libreoffice no encontrado | doc convertido temporalmente a docx con pywin32,NO
Promociones\AGOSTO\9542_CAJA DE PAPEL MARATHON DE $849 A $649.docx,AGOSTO,.docx,advertencia,sin SKU detectable,SI
Promociones\AGOSTO\9543_Compras y max - ACTUALIZACIÓN MECANICA 14139.doc,AGOSTO,.doc,advertencia,libreoffice_headless_docx: FileNotFoundError: soffice/libreoffice no encontrado | doc convertido temporalmente a docx con pywin32,NO
Promociones\AGOSTO\9544_COMPRAS Y MAX - MODIFICACION DE MECANICAS Y PRECIO TECNOLOGÍA 20.08.24.doc,AGOSTO,.doc,advertencia,libreoffice_headless_docx: FileNotFoundError: soffice/libreoffice no encontrado | doc convertido temporalmente a docx con pywin32,NO
Promociones\AGOSTO\9545_EXHIBICIÓN MUEBLES- 20.08.24.doc,AGOSTO,.doc,advertencia,libreoffice_headless_docx: FileNotFoundError: soffice/libreoffice no encontrado | doc convertido temporalmente a docx con pywin32,NO
Promociones\AGOSTO\9546_Promociones PAPELERIA_Agosto complemento 2024.doc,AGOSTO,.doc,advertencia,libreoffice_headless_docx: FileNotFoundError: soffice/libreoffice no encontrado | doc convertido temporalmente a docx con pywin32,NO
Promociones\AGOSTO\9547_Compras y max - ARTICULOS NVOS SEPT.doc,AGOSTO,.doc,advertencia,libreoffice_headless_docx: FileNotFoundError: soffice/libreoffice no encontrado | doc convertido temporalmente a docx con pywin32,NO
Promociones\AGOSTO\9548_COMPRAS Y MAX - ISLAS BROTHER.doc,AGOSTO,.doc,advertencia,libreoffice_headless_docx: FileNotFoundError: soffice/libreoffice no encontrado | doc convertido temporalmente a docx con pywin32,NO
Promociones\AGOSTO\9549_HASTA 50_ DE DESCUENTO EN MUEBLES SELECCIONADOS- MECANICA 14133- ACTUALIZADO 21.08.24.doc,AGOSTO,.doc,advertencia,libreoffice_headless_docx: FileNotFoundError: soffice/libreoffice no encontrado | doc convertido temporalmente a docx con pywin32,NO
Promociones\AGOSTO\9550_FINES DE SEMANA 15_ SILLAS Y ESCRITORIOS SELECCIONADOS- MUEBLES- SEPTIEMBRE 2024.doc,AGOSTO,.doc,advertencia,libreoffice_headless_docx: FileNotFoundError: soffice/libreoffice no encontrado | doc convertido temporalmente a docx con pywin32,NO
Promociones\AGOSTO\9551_Promociones PAPELERIA_Agosto complemento 2024_2.0.doc,AGOSTO,.doc,advertencia,libreoffice_headless_docx: FileNotFoundError: soffice/libreoffice no encontrado | doc convertido temporalmente a docx con pywin32,NO
Promociones\AGOSTO\9552_Compras y max - PROMOCION 2X1 STUK 9 L SEPT.doc,AGOSTO,.doc,advertencia,libreoffice_headless_docx: FileNotFoundError: soffice/libreoffice no encontrado | doc convertido temporalmente a docx con pywin32,NO
Promociones\AGOSTO\9553_Compras y max - STUK 2X1 VENTA NOC.doc,AGOSTO,.doc,advertencia,libreoffice_headless_docx: FileNotFoundError: soffice/libreoffice no encontrado | doc convertido temporalmente a docx con pywin32,NO
Promociones\AGOSTO\9554_Compras y max - SEÑALIZAR 2X1 EN PRODUCTOS SELECCIONADOS DE OFICINA.doc,AGOSTO,.doc,advertencia,libreoffice_headless_docx: FileNotFoundError: soffice/libreoffice no encontrado | doc convertido temporalmente a docx con pywin32,NO
Promociones\AGOSTO\9555_COMPRAS Y MAX HASTA 20_ Restirador.doc,AGOSTO,.doc,advertencia,libreoffice_headless_docx: FileNotFoundError: soffice/libreoffice no encontrado | doc convertido temporalmente a docx con pywin32,NO
Promociones\AGOSTO\9556_COMPRAS Y MAX HASTA 50_ DE DESCUENTO EN MUEBLES SELECCIONADOS.doc,AGOSTO,.doc,advertencia,libreoffice_headless_docx: FileNotFoundError: soffice/libreoffice no encontrado | doc convertido temporalmente a docx con pywin32,NO
Promociones\AGOSTO\9557_EXHIBICIÓN MUEBLES SEPTIEMBRE - 27.08.24.doc,AGOSTO,.doc,advertencia,libreoffice_headless_docx: FileNotFoundError: soffice/libreoffice no encontrado | doc convertido temporalmente a docx con pywin32,NO
Promociones\AGOSTO\9558_COMPRAS Y MAX - CABECERAS KOBLENZ.doc,AGOSTO,.doc,advertencia,libreoffice_headless_docx: FileNotFoundError: soffice/libreoffice no encontrado | doc convertido temporalmente a docx con pywin32 | sin SKU detectable,SI
"Promociones\AGOSTO\9559_Compras y max - PROCESO PARA ERECEDEROS CHECKOUT OPMX,.doc",AGOSTO,.doc,advertencia,libreoffice_headless_docx: FileNotFoundError: soffice/libreoffice no encontrado | doc convertido temporalmente a docx con pywin32,NO
Promociones\AGOSTO\9560_Compras y max - 50_ GLOBO MET GRADUADO 28 AGO 30 SEP.doc,AGOSTO,.doc,advertencia,libreoffice_headless_docx: FileNotFoundError: soffice/libreoffice no encontrado | doc convertido temporalmente a docx con pywin32,NO
Promociones\AGOSTO\9561_HASTA 30_ DE DESCUENTO EN MUEBLES- MECANICA.doc,AGOSTO,.doc,advertencia,libreoffice_headless_docx: FileNotFoundError: soffice/libreoffice no encontrado | doc convertido temporalmente a docx con pywin32,NO
Promociones\AGOSTO\9562_MECANICA LLEVATE 2 SILLAS POR 799.doc,AGOSTO,.doc,advertencia,libreoffice_headless_docx: FileNotFoundError: soffice/libreoffice no encontrado | doc convertido temporalmente a docx con pywin32,NO
Promociones\AGOSTO\9563_COMPRAS Y MAX - VENTA NOCTURNA AGOSTO 2024.doc,AGOSTO,.doc,advertencia,libreoffice_headless_docx: FileNotFoundError: soffice/libreoffice no encontrado | doc convertido temporalmente a docx con pywin32,NO
Promociones\AGOSTO\9564_HASTA 90_ DE DESCUENTO EN MUEBLES - ÚLTIMAS PIEZAS- MEC 14218.doc,AGOSTO,.doc,advertencia,libreoffice_headless_docx: FileNotFoundError: soffice/libreoffice no encontrado | doc convertido temporalmente a docx con pywin32,NO
Promociones\AGOSTO\9565_COMPRAS Y MAX - EXHIBIDOR PARA ROTULADOR.doc,AGOSTO,.doc,advertencia,libreoffice_headless_docx: FileNotFoundError: soffice/libreoffice no encontrado | doc convertido temporalmente a docx con pywin32,NO
"Promociones\AGOSTO\9566_En la compra mínima de $1000, obtén dos pases a Hasbro city_Septiembre.doc",AGOSTO,.doc,advertencia,libreoffice_headless_docx: FileNotFoundError: soffice/libreoffice no encontrado | doc convertido temporalmente a docx con pywin32,NO
Promociones\AGOSTO\9567_Promociones PAPELERIA_Septiembre.doc,AGOSTO,.doc,advertencia,libreoffice_headless_docx: FileNotFoundError: soffice/libreoffice no encontrado | doc convertido temporalmente a docx con pywin32,NO
"Promociones\AGOSTO\9568_ESCRITORIO DE TRABAJO LASKER DE $4,299 A $3,899 - MEC 14224.doc",AGOSTO,.doc,advertencia,libreoffice_headless_docx: FileNotFoundError: soffice/libreoffice no encontrado | doc convertido temporalmente a docx con pywin32,NO
"Promociones\AGOSTO\9569_SILLA DE VISITA BURSA DE $2,999 A $2,499.doc",AGOSTO,.doc,advertencia,libreoffice_headless_docx: FileNotFoundError: soffice/libreoffice no encontrado | doc convertido temporalmente a docx con pywin32,NO
Promociones\JULIO\9436_ACTUALIZACIÓN PRECIOS PAPELERIA_JULIO 2024.doc,JULIO,.doc,advertencia,libreoffice_headless_docx: FileNotFoundError: soffice/libreoffice no encontrado | doc convertido temporalmente a docx con pywin32,NO
Promociones\JULIO\9437_Compras y max - ACTUALIZACION PRECIOS MUEBLES.doc,JULIO,.doc,advertencia,libreoffice_headless_docx: FileNotFoundError: soffice/libreoffice no encontrado | doc convertido temporalmente a docx con pywin32,NO
Promociones\JULIO\9439_Compras y max - 2X1 Y HASTA 40_ EN PRODUCTOS SELECCIONADOS DE OFICINA.doc,JULIO,.doc,advertencia,libreoffice_headless_docx: FileNotFoundError: soffice/libreoffice no encontrado | doc convertido temporalmente a docx con pywin32 | sin SKU detectable,SI
Promociones\JULIO\9440_Compras y max - ACTUALIZACIÓN DE PRECIO TAPETE PARA CORTE.doc,JULIO,.doc,advertencia,libreoffice_headless_docx: FileNotFoundError: soffice/libreoffice no encontrado | doc convertido temporalmente a docx con pywin32,NO
Promociones\JULIO\9441_PAPELERIA_JULIO 2024_B.doc,JULIO,.doc,advertencia,libreoffice_headless_docx: FileNotFoundError: soffice/libreoffice no encontrado | doc convertido temporalmente a docx con pywin32,NO
Promociones\JULIO\9442_Compras y max - ACTUALIZACIÓN DE PRECIOS.doc,JULIO,.doc,advertencia,libreoffice_headless_docx: FileNotFoundError: soffice/libreoffice no encontrado | doc convertido temporalmente a docx con pywin32,NO
Promociones\JULIO\9443_Compras y max - FINES DE SEMANA JULIO 15_ SILLAS Y ESCRITORIOS.doc,JULIO,.doc,advertencia,libreoffice_headless_docx: FileNotFoundError: soffice/libreoffice no encontrado | doc convertido temporalmente a docx con pywin32,NO
Promociones\JULIO\9445_PAPELERIA_JULIO 2024 SEGUNDA SEMANA (1).doc,JULIO,.doc,advertencia,libreoffice_headless_docx: FileNotFoundError: soffice/libreoffice no encontrado | doc convertido temporalmente a docx con pywin32,NO
Promociones\JULIO\9446_ACTUALIZACIÓN PRECIOS PAPELERIA_JULIO 2024_SEGUNDA SEMANA.doc,JULIO,.doc,advertencia,libreoffice_headless_docx: FileNotFoundError: soffice/libreoffice no encontrado | doc convertido temporalmente a docx con pywin32,NO
Promociones\JULIO\9447_Compras y max - CONFIRMACIÓN MECANICAS 13943 Y 14053 OFICINA.doc,JULIO,.doc,advertencia,libreoffice_headless_docx: FileNotFoundError: soffice/libreoffice no encontrado | doc convertido temporalmente a docx con pywin32 | sin SKU detectable,SI
Promociones\JULIO\9448_Compras y max - ENVIO BOLSAS BTS.doc,JULIO,.doc,advertencia,libreoffice_headless_docx: FileNotFoundError: soffice/libreoffice no encontrado | doc convertido temporalmente a docx con pywin32,NO
Promociones\JULIO\9449_Compras y max - 20_ EN POST IT SELECCIONADOS.doc,JULIO,.doc,advertencia,libreoffice_headless_docx: FileNotFoundError: soffice/libreoffice no encontrado | doc convertido temporalmente a docx con pywin32 | sin SKU detectable,SI
Promociones\JULIO\9450_Compras y max - ACTUALIZACIÓN DE PRECIOS IMPORT.doc,JULIO,.doc,advertencia,libreoffice_headless_docx: FileNotFoundError: soffice/libreoffice no encontrado | doc convertido temporalmente a docx con pywin32,NO
Promociones\JULIO\9451_Boletín Compras y Max ( ACTUALIZACION CATALOGO PARA UNIFILA (CHECK OUT POR CONCEPTO).docx,JULIO,.docx,advertencia,sin SKU detectable,SI
Promociones\JULIO\9452_Compras y max - ACTUALIZACIÓN MECANICA 14053 OFICINA.doc,JULIO,.doc,advertencia,libreoffice_headless_docx: FileNotFoundError: soffice/libreoffice no encontrado | doc convertido temporalmente a docx con pywin32,NO
Promociones\JULIO\9453_PRODUCTO ADOPTADO JULIO TECNOLOGIA.doc,JULIO,.doc,advertencia,libreoffice_headless_docx: FileNotFoundError: soffice/libreoffice no encontrado | doc convertido temporalmente a docx con pywin32,NO
Promociones\JULIO\9454_COMPRAS Y MAX - GARANTÍAS TECNOLOGÍA.doc,JULIO,.doc,advertencia,libreoffice_headless_docx: FileNotFoundError: soffice/libreoffice no encontrado | doc convertido temporalmente a docx con pywin32 | sin SKU detectable,SI
Promociones\JULIO\9455_40_ DE DESCUENTO EN ARTICULOS DE ESCRITORIO.doc,JULIO,.doc,advertencia,libreoffice_headless_docx: FileNotFoundError: soffice/libreoffice no encontrado | doc convertido temporalmente a docx con pywin32,NO
Promociones\JULIO\9456_Compras y max - RTV CHECK OUT (1).doc,JULIO,.doc,advertencia,libreoffice_headless_docx: FileNotFoundError: soffice/libreoffice no encontrado | doc convertido temporalmente a docx con pywin32,NO
Promociones\JULIO\9457_Compras y max - PROCESO RTV ORGANICA SALUDABLE.doc,JULIO,.doc,advertencia,libreoffice_headless_docx: FileNotFoundError: soffice/libreoffice no encontrado | doc convertido temporalmente a docx con pywin32 | sin SKU detectable,SI
Promociones\JULIO\9458_Compras y max - FOLIOS RTV CHECK OUT.doc,JULIO,.doc,advertencia,libreoffice_headless_docx: FileNotFoundError: soffice/libreoffice no encontrado | doc convertido temporalmente a docx con pywin32,NO
Promociones\JULIO\9459_Compras y max - CAMBIO PRECIO MUEBLES.doc,JULIO,.doc,advertencia,libreoffice_headless_docx: FileNotFoundError: soffice/libreoffice no encontrado | doc convertido temporalmente a docx con pywin32,NO
Promociones\JULIO\9460_Compras y max - 20_ EN POST IT SELECCIONADOS ACTUALIZACIÓN.doc,JULIO,.doc,advertencia,libreoffice_headless_docx: FileNotFoundError: soffice/libreoffice no encontrado | doc convertido temporalmente a docx con pywin32,NO
Promociones\JULIO\9461_Compras y max - STAMP STICK SELLO MÁS REFIL POR $399.00 JULIO.doc,JULIO,.doc,advertencia,libreoffice_headless_docx: FileNotFoundError: soffice/libreoffice no encontrado | doc convertido temporalmente a docx con pywin32,NO
Promociones\JULIO\9462_CONCURSO BIC TEMPORADA BTS 2024.doc,JULIO,.doc,advertencia,libreoffice_headless_docx: FileNotFoundError: soffice/libreoffice no encontrado | doc convertido temporalmente a docx con pywin32 | sin SKU detectable,SI
Promociones\JULIO\9462_Concurso Office Max  2024_BIC.pdf,JULIO,.pdf,advertencia,sin SKU detectable,SI
Promociones\JULIO\9463_PAPELERIA_JULIO 2024 TERCERA SEMANA.doc,JULIO,.doc,advertencia,libreoffice_headless_docx: FileNotFoundError: soffice/libreoffice no encontrado | doc convertido temporalmente a docx con pywin32,NO
Promociones\JULIO\9464_3x2 EN CAJA PLÁSTICA DE 9 LTS- COMPRAS Y MAX MEC 14090.doc,JULIO,.doc,advertencia,libreoffice_headless_docx: FileNotFoundError: soffice/libreoffice no encontrado | doc convertido temporalmente a docx con pywin32,NO
Promociones\JULIO\9465_DESCUENTO COLABORADORES BED BATH & BEYOND.doc,JULIO,.doc,advertencia,libreoffice_headless_docx: FileNotFoundError: soffice/libreoffice no encontrado | doc convertido temporalmente a docx con pywin32 | sin SKU detectable,SI
Promociones\JULIO\9466_HASTA 50_ DE DESCUENTO EN LENTES- MEC 14096.doc,JULIO,.doc,advertencia,libreoffice_headless_docx: FileNotFoundError: soffice/libreoffice no encontrado | doc convertido temporalmente a docx con pywin32,NO
Promociones\JULIO\9467_TARJETA JOVEN.doc,JULIO,.doc,advertencia,libreoffice_headless_docx: FileNotFoundError: soffice/libreoffice no encontrado | doc convertido temporalmente a docx con pywin32 | sin SKU detectable,SI
Promociones\JULIO\9468_COMPRAS Y MAX - MODIFICACION DE MECANICAS TECNOLOGÍA 12.07.24.doc,JULIO,.doc,advertencia,libreoffice_headless_docx: FileNotFoundError: soffice/libreoffice no encontrado | doc convertido temporalmente a docx con pywin32,NO
Promociones\JULIO\9469_MODIFICACION DE MECANICAS TECNOLOGÍA 15.07.24.doc,JULIO,.doc,advertencia,libreoffice_headless_docx: FileNotFoundError: soffice/libreoffice no encontrado | doc convertido temporalmente a docx con pywin32 | sin SKU detectable,SI
Promociones\JULIO\9470_Compras y max - MATERIAL DE EXHIBICIÓN PROMO STAMP STICK.doc,JULIO,.doc,advertencia,libreoffice_headless_docx: FileNotFoundError: soffice/libreoffice no encontrado | doc convertido temporalmente a docx con pywin32 | sin SKU detectable,SI
Promociones\JULIO\9471_Compras y max - REACTIVACIÓN DE LA MECANICA 14054 - PISTOLA ETIQUETADORA.doc,JULIO,.doc,advertencia,libreoffice_headless_docx: FileNotFoundError: soffice/libreoffice no encontrado | doc convertido temporalmente a docx con pywin32 | sin SKU detectable,SI
Promociones\JULIO\9472_Compras y max - ACTUALIZACIÓN DE PRECIO CUTTER OMX.doc,JULIO,.doc,advertencia,libreoffice_headless_docx: FileNotFoundError: soffice/libreoffice no encontrado | doc convertido temporalmente a docx con pywin32,NO
Promociones\JULIO\9473_Compras y max - DESCUENTO ULT PZAS MG.doc,JULIO,.doc,advertencia,libreoffice_headless_docx: FileNotFoundError: soffice/libreoffice no encontrado | doc convertido temporalmente a docx con pywin32,NO
Promociones\JULIO\9474_Compras y max - EXTENSIÓN MECANICA 14053 OFICINA.doc,JULIO,.doc,advertencia,libreoffice_headless_docx: FileNotFoundError: soffice/libreoffice no encontrado | doc convertido temporalmente a docx con pywin32,NO
Promociones\JULIO\9476_COMPRAS Y MAX - MODIFICACION DE MECANICAS TECNOLOGÍA 17.07.24.doc,JULIO,.doc,advertencia,libreoffice_headless_docx: FileNotFoundError: soffice/libreoffice no encontrado | doc convertido temporalmente a docx con pywin32,NO
Promociones\JULIO\9477_Compras y max - CAMBIO PRECIO MUEBLES 18 JUL (1).doc,JULIO,.doc,advertencia,libreoffice_headless_docx: FileNotFoundError: soffice/libreoffice no encontrado | doc convertido temporalmente a docx con pywin32,NO
Promociones\JULIO\9478_Boletín Compras y Max  (Area Bed Bath & Beyond).docx,JULIO,.docx,advertencia,sin SKU detectable,SI
Promociones\JULIO\9479_Boletín Compras y Max (actualización de cabeceras  BTS 2024).docx,JULIO,.docx,advertencia,sin SKU detectable,SI
Promociones\JULIO\9480_Compras y max - RESGUARDO DE BOLSA BTS-.doc,JULIO,.doc,advertencia,libreoffice_headless_docx: FileNotFoundError: soffice/libreoffice no encontrado | doc convertido temporalmente a docx con pywin32 | sin SKU detectable,SI
Promociones\JULIO\9481_30_ EN ARTICULOS SELECCIONADOS DEL SUBDEPTO DE CAJAS PLASTICAS- COMPRAS Y MAX.doc,JULIO,.doc,advertencia,libreoffice_headless_docx: FileNotFoundError: soffice/libreoffice no encontrado | doc convertido temporalmente a docx con pywin32,NO
Promociones\JULIO\9482_40_ DE DESCUENTO EN ORGANIZACIÓN- MEC.doc,JULIO,.doc,advertencia,libreoffice_headless_docx: FileNotFoundError: soffice/libreoffice no encontrado | doc convertido temporalmente a docx con pywin32,NO
Promociones\JULIO\9483_PAPELERIA_JULIO 2024 CUARTA SEMANA.doc,JULIO,.doc,advertencia,libreoffice_headless_docx: FileNotFoundError: soffice/libreoffice no encontrado | doc convertido temporalmente a docx con pywin32,NO
Promociones\JULIO\9484_Compras y max - EXHIBICIÓN SELLO STAMP STICK.doc,JULIO,.doc,advertencia,libreoffice_headless_docx: FileNotFoundError: soffice/libreoffice no encontrado | doc convertido temporalmente a docx con pywin32,NO
Promociones\JULIO\9485_Compras y max - stoppers descuento.doc,JULIO,.doc,advertencia,libreoffice_headless_docx: FileNotFoundError: soffice/libreoffice no encontrado | doc convertido temporalmente a docx con pywin32 | sin SKU detectable,SI
Promociones\JULIO\9486_Compras y max - ACTUALIZACIÓN DE PRECIOS OFICINA.doc,JULIO,.doc,advertencia,libreoffice_headless_docx: FileNotFoundError: soffice/libreoffice no encontrado | doc convertido temporalmente a docx con pywin32,NO
Promociones\JULIO\9487_PAPELERIA_JULIO 2024 CUARTA SEMANA (1).doc,JULIO,.doc,advertencia,libreoffice_headless_docx: FileNotFoundError: soffice/libreoffice no encontrado | doc convertido temporalmente a docx con pywin32,NO
Promociones\JULIO\9488_Compras y max - ACTUALIZACIÓN DE PRECIOS OFICINA V2.doc,JULIO,.doc,advertencia,libreoffice_headless_docx: FileNotFoundError: soffice/libreoffice no encontrado | doc convertido temporalmente a docx con pywin32,NO
Promociones\JULIO\9489_Compras y max - REEXHIBICION DE BOLSA BTS-.doc,JULIO,.doc,advertencia,libreoffice_headless_docx: FileNotFoundError: soffice/libreoffice no encontrado | doc convertido temporalmente a docx con pywin32,NO
Promociones\JULIO\9490_AMPLIACIÓN DE VIGENCIA MECÁNICAS PAPELERÍA.doc,JULIO,.doc,advertencia,libreoffice_headless_docx: FileNotFoundError: soffice/libreoffice no encontrado | doc convertido temporalmente a docx con pywin32,NO
Promociones\JULIO\9491_Compras y max - LLEGADA NUEVO PRODUCTO SET DE ENGRAPADORA.doc,JULIO,.doc,advertencia,libreoffice_headless_docx: FileNotFoundError: soffice/libreoffice no encontrado | doc convertido temporalmente a docx con pywin32,NO
Promociones\JULIO\9492_Compras y max - Actualiozacion de precios muebles Jul 2024.doc,JULIO,.doc,advertencia,libreoffice_headless_docx: FileNotFoundError: soffice/libreoffice no encontrado | doc convertido temporalmente a docx con pywin32,NO
Promociones\JULIO\9493_Compras y max - DESCUENTO ULT PZAS MG 24072024- (1).doc,JULIO,.doc,advertencia,libreoffice_headless_docx: FileNotFoundError: soffice/libreoffice no encontrado | doc convertido temporalmente a docx con pywin32,NO
Promociones\JULIO\9494_PAPELERIA_JULIO 2024 _2.doc,JULIO,.doc,advertencia,libreoffice_headless_docx: FileNotFoundError: soffice/libreoffice no encontrado | doc convertido temporalmente a docx con pywin32,NO
Promociones\JULIO\9495_RE ETIQUETADO DE PRODUCTOS STUK.doc,JULIO,.doc,advertencia,libreoffice_headless_docx: FileNotFoundError: soffice/libreoffice no encontrado | doc convertido temporalmente a docx con pywin32,NO
Promociones\JULIO\9496_NUEVO ORGANIGRAMA MERCANCÍAS GENERALES.doc,JULIO,.doc,advertencia,libreoffice_headless_docx: FileNotFoundError: soffice/libreoffice no encontrado | doc convertido temporalmente a docx con pywin32 | sin SKU detectable,SI
Promociones\JULIO\9497_COMPRAS Y MAX - MODIFICACION DE MECANICAS TECNOLOGÍA 30.07.24.doc,JULIO,.doc,advertencia,libreoffice_headless_docx: FileNotFoundError: soffice/libreoffice no encontrado | doc convertido temporalmente a docx con pywin32,NO
Promociones\JULIO\9498_RECOLECCIÓN DE LISTAS ESCOLARES 2024.doc,JULIO,.doc,advertencia,libreoffice_headless_docx: FileNotFoundError: soffice/libreoffice no encontrado | doc convertido temporalmente a docx con pywin32 | sin SKU detectable,SI
Promociones\JULIO\9499_PAPELERIA_Agosto 2024.doc,JULIO,.doc,advertencia,libreoffice_headless_docx: FileNotFoundError: soffice/libreoffice no encontrado | doc convertido temporalmente a docx con pywin32 | sin SKU detectable,SI
Promociones\JULIO\9500_VISITA A TIENDAS PARA CONTROL DE DAÑOS PRODUCTOS TAKTER.doc,JULIO,.doc,advertencia,libreoffice_headless_docx: FileNotFoundError: soffice/libreoffice no encontrado | doc convertido temporalmente a docx con pywin32,NO
Promociones\JULIO\9501_FINES DE SEMANA 15_ SILLAS Y ESCRITORIOS SELECCIONADOS- MUEBLES.doc,JULIO,.doc,advertencia,libreoffice_headless_docx: FileNotFoundError: soffice/libreoffice no encontrado | doc convertido temporalmente a docx con pywin32,NO
Promociones\JULIO\9502_Compras y max - ACTUALIZACIÓN DE PRECIO NOTAS FLECHA.doc,JULIO,.doc,advertencia,libreoffice_headless_docx: FileNotFoundError: soffice/libreoffice no encontrado | doc convertido temporalmente a docx con pywin32,NO
Promociones\JUNIO\9380_Calendario de Promotoría 2024.pdf,JUNIO,.pdf,advertencia,sin SKU detectable,SI
Promociones\JUNIO\9383_Boletín Compras y Max ACTUALIZACION DE CABECERA MIQUEL RIUS BTS.pdf,JUNIO,.pdf,advertencia,sin SKU detectable,SI
Promociones\JUNIO\9386_COMPRAS Y MAX CANCELACIÓN DE MECANICAS PAPELERÍA.pdf,JUNIO,.pdf,advertencia,sin SKU detectable,SI
Promociones\JUNIO\9392_COMPRAS Y MAX - PROMOCION VENTA NOCTURNA JUNIO.pdf,JUNIO,.pdf,advertencia,sin SKU detectable,SI
Promociones\JUNIO\9393_Compras y max - ANIVERSARIO 30_ EN PRODUCTOS SELECCIONADOS 3M.doc,JUNIO,.doc,advertencia,libreoffice_headless_docx: FileNotFoundError: soffice/libreoffice no encontrado | doc convertido temporalmente a docx con pywin32,NO
Promociones\JUNIO\9394_Compras y max - ACTUALIZACIÓN DE PRECIOS NUEVOS PRODUCTOS NAVITEK.doc,JUNIO,.doc,advertencia,libreoffice_headless_docx: FileNotFoundError: soffice/libreoffice no encontrado | doc convertido temporalmente a docx con pywin32,NO
Promociones\JUNIO\9395_PROMOTORÍA EN TIENDAS FABER CASTELL.doc,JUNIO,.doc,advertencia,libreoffice_headless_docx: FileNotFoundError: soffice/libreoffice no encontrado | doc convertido temporalmente a docx con pywin32 | sin SKU detectable,SI
Promociones\JUNIO\9396_PAPELERIA_JUNIO_2024.doc,JUNIO,.doc,advertencia,libreoffice_headless_docx: FileNotFoundError: soffice/libreoffice no encontrado | doc convertido temporalmente a docx con pywin32,NO
Promociones\JUNIO\9397_COMPRAS Y MAX PROMOCIONES PAPELERIA.doc,JUNIO,.doc,advertencia,libreoffice_headless_docx: FileNotFoundError: soffice/libreoffice no encontrado | doc convertido temporalmente a docx con pywin32 | sin SKU detectable,SI
Promociones\JUNIO\9398_Compras y max - 30_ EN SUMINISTROS DE OFICINA SELECCIONADOS.doc,JUNIO,.doc,advertencia,libreoffice_headless_docx: FileNotFoundError: soffice/libreoffice no encontrado | doc convertido temporalmente a docx con pywin32 | sin SKU detectable,SI
Promociones\JUNIO\9399_Compras y max - ACTUALIZACIÓN DE PRECIO CINTA EMPAQUE OMX.doc,JUNIO,.doc,advertencia,libreoffice_headless_docx: FileNotFoundError: soffice/libreoffice no encontrado | doc convertido temporalmente a docx con pywin32,NO
Promociones\JUNIO\9400_3x2 EN CAJAS PLÁSTICAS - JUNIO.doc,JUNIO,.doc,advertencia,libreoffice_headless_docx: FileNotFoundError: soffice/libreoffice no encontrado | doc convertido temporalmente a docx con pywin32,NO
Promociones\JUNIO\9401_Compras y max - CINTA EMPAQUE OMX DE $179 A $119.doc,JUNIO,.doc,advertencia,libreoffice_headless_docx: FileNotFoundError: soffice/libreoffice no encontrado | doc convertido temporalmente a docx con pywin32 | sin SKU detectable,SI
Promociones\JUNIO\9403_COMPRAS Y MAX - HASTA 30_ DE DESC EN MUEBLES DE OFICINAS SELECCIONADOS.doc,JUNIO,.doc,advertencia,libreoffice_headless_docx: FileNotFoundError: soffice/libreoffice no encontrado | doc convertido temporalmente a docx con pywin32,NO
Promociones\JUNIO\9404_Boletín Compras y Max ACTUALIZACION DE PLANOGRAMA CUADERNOS.docx,JUNIO,.docx,advertencia,sin SKU detectable,SI
Promociones\JUNIO\9405_COMPRAS Y MAX - MODIFICACION DE MECANICAS TECNOLOGÍA 19.06.24.doc,JUNIO,.doc,advertencia,libreoffice_headless_docx: FileNotFoundError: soffice/libreoffice no encontrado | doc convertido temporalmente a docx con pywin32,NO
Promociones\JUNIO\9406_Boletín Compras y Max (Actualización de Fourway 5 BTS 2024).docx,JUNIO,.docx,advertencia,sin SKU detectable,SI
Promociones\JUNIO\9407_PAPELERIA MAXOUTLET_JUNIO 2024 (1).doc,JUNIO,.doc,advertencia,libreoffice_headless_docx: FileNotFoundError: soffice/libreoffice no encontrado | doc convertido temporalmente a docx con pywin32,NO
Promociones\JUNIO\9408_COMPRAS Y MAX - ACTUALIZACIÓN DE ETIQUETAS TECNOLOGÍA.doc,JUNIO,.doc,advertencia,libreoffice_headless_docx: FileNotFoundError: soffice/libreoffice no encontrado | doc convertido temporalmente a docx con pywin32 | sin SKU detectable,SI
Promociones\JUNIO\9409_40_ DE DESCUENTO EN ORGANIZACIÓN - MEC 14036 (1).doc,JUNIO,.doc,advertencia,libreoffice_headless_docx: FileNotFoundError: soffice/libreoffice no encontrado | doc convertido temporalmente a docx con pywin32,NO
Promociones\JUNIO\9410_COMPRAS Y MAX - MODIFICACION DE MECANICAS TECNOLOGÍA 20.06.24.doc,JUNIO,.doc,advertencia,libreoffice_headless_docx: FileNotFoundError: soffice/libreoffice no encontrado | doc convertido temporalmente a docx con pywin32,NO
Promociones\JUNIO\9411_Compras y max - HASTA 20_ EN PEGAMENTOS HENKEL SELECCIONADOS.doc,JUNIO,.doc,advertencia,libreoffice_headless_docx: FileNotFoundError: soffice/libreoffice no encontrado | doc convertido temporalmente a docx con pywin32 | sin SKU detectable,SI
Promociones\JUNIO\9412_COMPRAS Y MAX - MODIFICACION DE MECANICAS TECNOLOGÍA 24.06.24.doc,JUNIO,.doc,advertencia,libreoffice_headless_docx: FileNotFoundError: soffice/libreoffice no encontrado | doc convertido temporalmente a docx con pywin32,NO
Promociones\JUNIO\9413_Boletín Compras y Max ACTUALIZACION DE PLANOGRAMA BOTES DE BASURA.docx,JUNIO,.docx,advertencia,sin SKU detectable,SI
Promociones\JUNIO\9414_WOW QUINCENAL – 2X1 EN CAJA PLÁSTICA DE 3 LTS.doc,JUNIO,.doc,advertencia,libreoffice_headless_docx: FileNotFoundError: soffice/libreoffice no encontrado | doc convertido temporalmente a docx con pywin32,NO
Promociones\JUNIO\9415_40_ DE DESCUENTO EN ORGANIZACIÓN- MEC 14042.doc,JUNIO,.doc,advertencia,libreoffice_headless_docx: FileNotFoundError: soffice/libreoffice no encontrado | doc convertido temporalmente a docx con pywin32,NO
Promociones\JUNIO\9416_Compras y max - ACTUALIZACIÓN DE PRECIO TAPETE PARA CORTE.doc,JUNIO,.doc,advertencia,libreoffice_headless_docx: FileNotFoundError: soffice/libreoffice no encontrado | doc convertido temporalmente a docx con pywin32,NO
Promociones\JUNIO\9417_Compras y Max - DOBLE EXHIBICIÓN PRODUCTOS LM.doc,JUNIO,.doc,advertencia,libreoffice_headless_docx: FileNotFoundError: soffice/libreoffice no encontrado | doc convertido temporalmente a docx con pywin32,NO
Promociones\JUNIO\9418_Compras y max - HASTA 30_ EN PRODUCTOS DE OFICINA SELECCIONADOS.doc,JUNIO,.doc,advertencia,libreoffice_headless_docx: FileNotFoundError: soffice/libreoffice no encontrado | doc convertido temporalmente a docx con pywin32 | sin SKU detectable,SI
Promociones\JUNIO\9419_COMPRAS Y MAX - MODIFICACION DE MECANICAS TECNOLOGÍA 25.06.24.doc,JUNIO,.doc,advertencia,libreoffice_headless_docx: FileNotFoundError: soffice/libreoffice no encontrado | doc convertido temporalmente a docx con pywin32,NO
Promociones\JUNIO\9420_Boletín Compras y Max Actualización del planograma de Porta Retratos.docx,JUNIO,.docx,advertencia,sin SKU detectable,SI
Promociones\JUNIO\9421_Boletín Compras y Max ubicacion de Exhibidor de Agendas Escolares.docx,JUNIO,.docx,advertencia,sin SKU detectable,SI
Promociones\JUNIO\9422_40_ DE DESCUENTO EN ORGANIZACIÓN- MEC 14046.doc,JUNIO,.doc,advertencia,libreoffice_headless_docx: FileNotFoundError: soffice/libreoffice no encontrado | doc convertido temporalmente a docx con pywin32,NO
Promociones\JUNIO\9423_Compras y max - PRECIOS MUEBLES NUEVOS.doc,JUNIO,.doc,advertencia,libreoffice_headless_docx: FileNotFoundError: soffice/libreoffice no encontrado | doc convertido temporalmente a docx con pywin32,NO
Promociones\JUNIO\9424_Boletín Compras y Max (Actualización de tiras de Impulso BTS 2024).docx,JUNIO,.docx,advertencia,sin SKU detectable,SI
Promociones\JUNIO\9425_Compras y max - FINES DE SEMANA 15_ SILLAS Y ESCRITORIOS.doc,JUNIO,.doc,advertencia,libreoffice_headless_docx: FileNotFoundError: soffice/libreoffice no encontrado | doc convertido temporalmente a docx con pywin32,NO
"Promociones\JUNIO\9426_Compras y max - FINES DE SEMANA - 03, 06, 09, 12 Y 13 MSI EN SILLAS Y ESCRITORIOS..doc",JUNIO,.doc,advertencia,libreoffice_headless_docx: FileNotFoundError: soffice/libreoffice no encontrado | doc convertido temporalmente a docx con pywin32,NO
Promociones\JUNIO\9427_Compras y max - ACTUALIZACIÓN DE PRECIOS CINTAS DE EMPAQUE.doc,JUNIO,.doc,advertencia,libreoffice_headless_docx: FileNotFoundError: soffice/libreoffice no encontrado | doc convertido temporalmente a docx con pywin32,NO
Promociones\JUNIO\9428_Compras y max - LIBROS NUEVOS 40 TIENDAS.doc,JUNIO,.doc,advertencia,libreoffice_headless_docx: FileNotFoundError: soffice/libreoffice no encontrado | doc convertido temporalmente a docx con pywin32,NO
Promociones\JUNIO\9429_Compras y max - ACTUALIZACIÓN PRECIOS DE VENTA 3M.doc,JUNIO,.doc,advertencia,libreoffice_headless_docx: FileNotFoundError: soffice/libreoffice no encontrado | doc convertido temporalmente a docx con pywin32,NO
Promociones\JUNIO\9430_PAPELERIA_JULIO 2024_A.doc,JUNIO,.doc,advertencia,libreoffice_headless_docx: FileNotFoundError: soffice/libreoffice no encontrado | doc convertido temporalmente a docx con pywin32,NO
Promociones\JUNIO\9431_Datos_ Listas Escolares_REGRESO A CLASES.docx,JUNIO,.docx,advertencia,sin SKU detectable,SI
"Promociones\JUNIO\9431_Vete de vacaciones, surte tu lista escolar y obtén un 15_ de descuentos en artículos escolares participantes.doc",JUNIO,.doc,advertencia,libreoffice_headless_docx: FileNotFoundError: soffice/libreoffice no encontrado | doc convertido temporalmente a docx con pywin32,NO
Promociones\JUNIO\9432_COMPRAS Y MAX - MODIFICACION DE MECANICAS TECNOLOGÍA 28.06.24.doc,JUNIO,.doc,advertencia,libreoffice_headless_docx: FileNotFoundError: soffice/libreoffice no encontrado | doc convertido temporalmente a docx con pywin32,NO
Promociones\JUNIO\9433_30_ DE DESCUENTO EN CAJAS PLASTICAS.doc,JUNIO,.doc,advertencia,libreoffice_headless_docx: FileNotFoundError: soffice/libreoffice no encontrado | doc convertido temporalmente a docx con pywin32,NO
Promociones\JUNIO\9434_40_ DE DESCUENTO EN ARTICULOS DE ESCRITORIO.doc,JUNIO,.doc,advertencia,libreoffice_headless_docx: FileNotFoundError: soffice/libreoffice no encontrado | doc convertido temporalmente a docx con pywin32,NO
Promociones\JUNIO\9435_40_ DE DESCUENTO EN ORGANIZACIÓN- MEC 14036- ACT.doc,JUNIO,.doc,advertencia,libreoffice_headless_docx: FileNotFoundError: soffice/libreoffice no encontrado | doc convertido temporalmente a docx con pywin32,NO
Promociones\OCTUBRE\9607_Boletín Compras y Max MERCADEO EXHIBIDOR ROEL.docx,OCTUBRE,.docx,advertencia,sin SKU detectable,SI
Promociones\OCTUBRE\9608_Boletín Compras y Max ACTUALIZACION LISTADO DE PRODUCTOS EN CHECK OUT.docx,OCTUBRE,.docx,advertencia,sin SKU detectable,SI
Promociones\OCTUBRE\9609_HASTA 30_ DE DESCUENTO EN MUEBLES PARTICIPANTES- OCT- MEC 14298.doc,OCTUBRE,.doc,advertencia,libreoffice_headless_docx: FileNotFoundError: soffice/libreoffice no encontrado | doc convertido temporalmente a docx con pywin32,NO
Promociones\OCTUBRE\9610_Compras y max - promociones checkout 09 oct.doc,OCTUBRE,.doc,advertencia,libreoffice_headless_docx: FileNotFoundError: soffice/libreoffice no encontrado | doc convertido temporalmente a docx con pywin32,NO
Promociones\OCTUBRE\9611_Compras y max - acc de escritorio y cajas 09 oct.doc,OCTUBRE,.doc,advertencia,libreoffice_headless_docx: FileNotFoundError: soffice/libreoffice no encontrado | doc convertido temporalmente a docx con pywin32,NO
Promociones\OCTUBRE\9612_Boletín Compras y Max IMPLEMENTACIÓN DE CABECERA LAPTOP ÚLTIMAS PIEZAS.docx,OCTUBRE,.docx,advertencia,sin SKU detectable,SI
Promociones\OCTUBRE\9613_COMPRAS Y MAX PELUCHES TY OCTUBRE.doc,OCTUBRE,.doc,advertencia,libreoffice_headless_docx: FileNotFoundError: soffice/libreoffice no encontrado | doc convertido temporalmente a docx con pywin32,NO
Promociones\OCTUBRE\9614_Boletín Compras y Max CAMBIO EN EXHIBICIÓN DE CABECERA MIQUEL RIUS.docx,OCTUBRE,.docx,advertencia,sin SKU detectable,SI
Promociones\OCTUBRE\9615_Compras y Max - REGALO DE PERAFORADORA EN COMPRA DE CARPETAS2.doc,OCTUBRE,.doc,advertencia,libreoffice_headless_docx: FileNotFoundError: soffice/libreoffice no encontrado | doc convertido temporalmente a docx con pywin32,NO
Promociones\OCTUBRE\9616_EXHIBICIÓN MUEBLES- 2da QUINCENA OCTUBRE.doc,OCTUBRE,.doc,advertencia,libreoffice_headless_docx: FileNotFoundError: soffice/libreoffice no encontrado | doc convertido temporalmente a docx con pywin32,NO
Promociones\OCTUBRE\9617_COMPRAS Y MAX - BONOS HASTA $2500 EN EQUIPOS Y ACCESORIOS DE CÓMPUTO HP SELECCIONADOS.doc,OCTUBRE,.doc,advertencia,libreoffice_headless_docx: FileNotFoundError: soffice/libreoffice no encontrado | doc convertido temporalmente a docx con pywin32,NO
Promociones\OCTUBRE\9618_Compras y Max - ACTUALIZACIÓN PRODUCTO ADOPTADO 17.10.doc,OCTUBRE,.doc,advertencia,libreoffice_headless_docx: FileNotFoundError: soffice/libreoffice no encontrado | doc convertido temporalmente a docx con pywin32,NO
Promociones\OCTUBRE\9619_Compras y max_MODIFICACION DE VIGENCIA EN MECANICAS.doc,OCTUBRE,.doc,advertencia,libreoffice_headless_docx: FileNotFoundError: soffice/libreoffice no encontrado | doc convertido temporalmente a docx con pywin32 | sin SKU detectable,SI
Promociones\OCTUBRE\9620_Compras y max - PROMOCION PAYCLIP Y CAJA DE PAPEL ECO.doc,OCTUBRE,.doc,advertencia,libreoffice_headless_docx: FileNotFoundError: soffice/libreoffice no encontrado | doc convertido temporalmente a docx con pywin32,NO
Promociones\OCTUBRE\9621_Compras y max comunicado cambio de precio navidad.doc,OCTUBRE,.doc,advertencia,libreoffice_headless_docx: FileNotFoundError: soffice/libreoffice no encontrado | doc convertido temporalmente a docx con pywin32,NO
Promociones\OCTUBRE\9622_Compras y max - DESCUENTOS EN PAPELERÍA OCTUBRE.doc,OCTUBRE,.doc,advertencia,libreoffice_headless_docx: FileNotFoundError: soffice/libreoffice no encontrado | doc convertido temporalmente a docx con pywin32 | sin SKU detectable,SI
Promociones\OCTUBRE\9624_Boletín Compras y Max GUIA DE EXHIBICIÓN MESAS DE TECNOLOGIA.docx,OCTUBRE,.docx,advertencia,sin SKU detectable,SI
Promociones\OCTUBRE\9625_Boletín Compras y Max SUSTITUCIÓN DE CABECERA REGISTRADORES POR AGENDAS.docx,OCTUBRE,.docx,advertencia,sin SKU detectable,SI
Promociones\OCTUBRE\9628_Boletín Compras y Max EXHIBICIÓN BOLSAS GRAND MARK.docx,OCTUBRE,.docx,advertencia,sin SKU detectable,SI
Promociones\OCTUBRE\9629_COMPRAS Y MAX - VENTA NOCTURNA OCTUBRE 2024.doc,OCTUBRE,.doc,advertencia,libreoffice_headless_docx: FileNotFoundError: soffice/libreoffice no encontrado | doc convertido temporalmente a docx con pywin32,NO
Promociones\OCTUBRE\9630_Compras y max - ACTUALIZACIÓN PRECIO.doc,OCTUBRE,.doc,advertencia,libreoffice_headless_docx: FileNotFoundError: soffice/libreoffice no encontrado | doc convertido temporalmente a docx con pywin32,NO
Promociones\OCTUBRE\9631_Compras y Max - AMPLIACIÓN DE MECANICAS.doc,OCTUBRE,.doc,advertencia,libreoffice_headless_docx: FileNotFoundError: soffice/libreoffice no encontrado | doc convertido temporalmente a docx con pywin32 | sin SKU detectable,SI
Promociones\OCTUBRE\9632_Compras y max - 2x1 lentes 31 oct.doc,OCTUBRE,.doc,advertencia,libreoffice_headless_docx: FileNotFoundError: soffice/libreoffice no encontrado | doc convertido temporalmente a docx con pywin32,NO
Promociones\SEPTIEMBRE\9570_Compras y max - DESC CATEGORIAS VARIAS AL 30 SEP.doc,SEPTIEMBRE,.doc,advertencia,libreoffice_headless_docx: FileNotFoundError: soffice/libreoffice no encontrado | doc convertido temporalmente a docx con pywin32,NO
Promociones\SEPTIEMBRE\9571_Compras y max - DESCUENTO CAJA PLASTICA 1-15 SEP.doc,SEPTIEMBRE,.doc,advertencia,libreoffice_headless_docx: FileNotFoundError: soffice/libreoffice no encontrado | doc convertido temporalmente a docx con pywin32,NO
Promociones\SEPTIEMBRE\9572_COMPRAS Y MAX - MECANICAS TECNOLOGÍA 03.09.24.doc,SEPTIEMBRE,.doc,advertencia,libreoffice_headless_docx: FileNotFoundError: soffice/libreoffice no encontrado | doc convertido temporalmente a docx con pywin32,NO
Promociones\SEPTIEMBRE\9573_COMPRAS Y MAX - ARTES ERRONEAS KOBLENZ 06.09.24.doc,SEPTIEMBRE,.doc,advertencia,libreoffice_headless_docx: FileNotFoundError: soffice/libreoffice no encontrado | doc convertido temporalmente a docx con pywin32 | sin SKU detectable,SI
Promociones\SEPTIEMBRE\9574_Promociones PAPELERIA_Septiembre 2DA SEMANA.doc,SEPTIEMBRE,.doc,advertencia,libreoffice_headless_docx: FileNotFoundError: soffice/libreoffice no encontrado | doc convertido temporalmente a docx con pywin32,NO
Promociones\SEPTIEMBRE\9575_Compras y max - ARTICULOS NVOS OCT.doc,SEPTIEMBRE,.doc,advertencia,libreoffice_headless_docx: FileNotFoundError: soffice/libreoffice no encontrado | doc convertido temporalmente a docx con pywin32,NO
Promociones\SEPTIEMBRE\9576_HASTA 30_ DE DESCUENTO EN MUEBLES- MECANICA- ACTUALIZADO 06.09.24.doc,SEPTIEMBRE,.doc,advertencia,libreoffice_headless_docx: FileNotFoundError: soffice/libreoffice no encontrado | doc convertido temporalmente a docx con pywin32,NO
Promociones\SEPTIEMBRE\9577_ACTUALIZACIÓN PRECIO DE VENTA MUEBLES SEPTIEMBRE 2024.doc,SEPTIEMBRE,.doc,advertencia,libreoffice_headless_docx: FileNotFoundError: soffice/libreoffice no encontrado | doc convertido temporalmente a docx con pywin32,NO
Promociones\SEPTIEMBRE\9578_FINES DE SEMANA 15_ SILLAS Y ESCRITORIOS SELECCIONADOS- MUEBLES- SEPTIEMBRE 2024- ACTUALIZADO 05.08.24.doc,SEPTIEMBRE,.doc,advertencia,libreoffice_headless_docx: FileNotFoundError: soffice/libreoffice no encontrado | doc convertido temporalmente a docx con pywin32,NO
Promociones\SEPTIEMBRE\9579_Compras y max - ENERGIZER 10-20 SEPTIEMBRE.doc,SEPTIEMBRE,.doc,advertencia,libreoffice_headless_docx: FileNotFoundError: soffice/libreoffice no encontrado | doc convertido temporalmente a docx con pywin32,NO
Promociones\SEPTIEMBRE\9580_Compras y max - HASTA 50_ EN SELECCIONADOS DE OFICINA.doc,SEPTIEMBRE,.doc,advertencia,libreoffice_headless_docx: FileNotFoundError: soffice/libreoffice no encontrado | doc convertido temporalmente a docx con pywin32 | sin SKU detectable,SI
Promociones\SEPTIEMBRE\9581_COMPRAS Y MAX HASTA 30_ Muebles Sept.doc,SEPTIEMBRE,.doc,advertencia,libreoffice_headless_docx: FileNotFoundError: soffice/libreoffice no encontrado | doc convertido temporalmente a docx con pywin32,NO
Promociones\SEPTIEMBRE\9582_Compras y max - HASTA 70_ OFF LENTES AL 31 DIC (1).doc,SEPTIEMBRE,.doc,advertencia,libreoffice_headless_docx: FileNotFoundError: soffice/libreoffice no encontrado | doc convertido temporalmente a docx con pywin32,NO
Promociones\SEPTIEMBRE\9583_COMPRAS Y MAX maxwow Silla Bursa.doc,SEPTIEMBRE,.doc,advertencia,libreoffice_headless_docx: FileNotFoundError: soffice/libreoffice no encontrado | doc convertido temporalmente a docx con pywin32,NO
Promociones\SEPTIEMBRE\9584_COMPRAS Y MAX maxwow Escritorio Tarento.doc,SEPTIEMBRE,.doc,advertencia,libreoffice_headless_docx: FileNotFoundError: soffice/libreoffice no encontrado | doc convertido temporalmente a docx con pywin32,NO
Promociones\SEPTIEMBRE\9585_Compras y Max - SEÑALIZACIÓN MAX VALUE PROMOCIÓN KIT DE OFICINA.doc,SEPTIEMBRE,.doc,advertencia,libreoffice_headless_docx: FileNotFoundError: soffice/libreoffice no encontrado | doc convertido temporalmente a docx con pywin32 | sin SKU detectable,SI
Promociones\SEPTIEMBRE\9586_Compras y max - DESTRUCCION SKUS NACIMIENTOS-.doc,SEPTIEMBRE,.doc,advertencia,libreoffice_headless_docx: FileNotFoundError: soffice/libreoffice no encontrado | doc convertido temporalmente a docx con pywin32,NO
Promociones\SEPTIEMBRE\9587_COMPRAS Y MAX 15_ en sillas y escritorios 16 y 17 de sept.doc,SEPTIEMBRE,.doc,advertencia,libreoffice_headless_docx: FileNotFoundError: soffice/libreoffice no encontrado | doc convertido temporalmente a docx con pywin32,NO
Promociones\SEPTIEMBRE\9588_Compras y max - DESCUENTOS 11 al 20 sep.doc,SEPTIEMBRE,.doc,advertencia,libreoffice_headless_docx: FileNotFoundError: soffice/libreoffice no encontrado | doc convertido temporalmente a docx con pywin32,NO
Promociones\SEPTIEMBRE\9589_PROMOCIONES SEPTIEMBRE PAPEL.doc,SEPTIEMBRE,.doc,advertencia,libreoffice_headless_docx: FileNotFoundError: soffice/libreoffice no encontrado | doc convertido temporalmente a docx con pywin32 | sin SKU detectable,SI
Promociones\SEPTIEMBRE\9590_CONTEO SKUS SOWFARE MICROSOFT.doc,SEPTIEMBRE,.doc,advertencia,libreoffice_headless_docx: FileNotFoundError: soffice/libreoffice no encontrado | doc convertido temporalmente a docx con pywin32 | sin SKU detectable,SI
Promociones\SEPTIEMBRE\9591_COMPRAS Y MAX HASTA 30_ DESC SEPTIEMBRE MUEBLES.doc,SEPTIEMBRE,.doc,advertencia,libreoffice_headless_docx: FileNotFoundError: soffice/libreoffice no encontrado | doc convertido temporalmente a docx con pywin32,NO
Promociones\SEPTIEMBRE\9592_Compras y Max - ACTUALIZACIÓN PRODUCTO ADOPTADO.doc,SEPTIEMBRE,.doc,advertencia,libreoffice_headless_docx: FileNotFoundError: soffice/libreoffice no encontrado | doc convertido temporalmente a docx con pywin32,NO
Promociones\SEPTIEMBRE\9593_Compras y Max - AMPLIACIÓN VIGENCIA MECANICAS IMPORTADOS.doc,SEPTIEMBRE,.doc,advertencia,libreoffice_headless_docx: FileNotFoundError: soffice/libreoffice no encontrado | doc convertido temporalmente a docx con pywin32 | sin SKU detectable,SI
Promociones\SEPTIEMBRE\9594_Compras y max - ACTUALIZACIÓN PRECIO CINTA DOBLE CARA NAVITEK.doc,SEPTIEMBRE,.doc,advertencia,libreoffice_headless_docx: FileNotFoundError: soffice/libreoffice no encontrado | doc convertido temporalmente a docx con pywin32,NO
Promociones\SEPTIEMBRE\9595_Boletín Compras y Max (Liberación Guía BTB II SEPT-OCT 2024).docx,SEPTIEMBRE,.docx,advertencia,sin SKU detectable,SI
Promociones\SEPTIEMBRE\9596_COMPRAS Y MAX - MODIFICACION DE MECANICAS TECNOLOGÍA 13.09.24.doc,SEPTIEMBRE,.doc,advertencia,libreoffice_headless_docx: FileNotFoundError: soffice/libreoffice no encontrado | doc convertido temporalmente a docx con pywin32,NO
Promociones\SEPTIEMBRE\9598_EXHIBICIÓN PROMOCIONES SEPTIEMBRE PAPEL.doc,SEPTIEMBRE,.doc,advertencia,libreoffice_headless_docx: FileNotFoundError: soffice/libreoffice no encontrado | doc convertido temporalmente a docx con pywin32 | sin SKU detectable,SI
Promociones\SEPTIEMBRE\9599_Compras y max - ACTUALIZACIÓN PRECIOS LAPICES ADHESIVOS OMX.doc,SEPTIEMBRE,.doc,advertencia,libreoffice_headless_docx: FileNotFoundError: soffice/libreoffice no encontrado | doc convertido temporalmente a docx con pywin32,NO
Promociones\SEPTIEMBRE\9600_FORMATO MASTERLOCK.doc,SEPTIEMBRE,.doc,advertencia,libreoffice_headless_docx: FileNotFoundError: soffice/libreoffice no encontrado | doc convertido temporalmente a docx con pywin32 | sin SKU detectable,SI
Promociones\SEPTIEMBRE\9601_HASTA 50_ DE DESCUENTO EN MUEBLES PARTICIPANTES.doc,SEPTIEMBRE,.doc,advertencia,libreoffice_headless_docx: FileNotFoundError: soffice/libreoffice no encontrado | doc convertido temporalmente a docx con pywin32,NO
Promociones\SEPTIEMBRE\9602_EXHIBICIÓN MUEBLES- 23.09.24.doc,SEPTIEMBRE,.doc,advertencia,libreoffice_headless_docx: FileNotFoundError: soffice/libreoffice no encontrado | doc convertido temporalmente a docx con pywin32,NO
Promociones\SEPTIEMBRE\9603_Compras y max - ACTUALIZACIÓN PRECIO SET ENGRAPADORA OMX.doc,SEPTIEMBRE,.doc,advertencia,libreoffice_headless_docx: FileNotFoundError: soffice/libreoffice no encontrado | doc convertido temporalmente a docx con pywin32,NO
Promociones\SEPTIEMBRE\9604_LINE UP TRITURADORAS ROYAL.doc,SEPTIEMBRE,.doc,advertencia,libreoffice_headless_docx: FileNotFoundError: soffice/libreoffice no encontrado | doc convertido temporalmente a docx con pywin32 | sin SKU detectable,SI
Promociones\SEPTIEMBRE\9605_ACTUAIZACIÓN PV – MUEBLES SEPTIEMBRE 25.09.24.doc,SEPTIEMBRE,.doc,advertencia,libreoffice_headless_docx: FileNotFoundError: soffice/libreoffice no encontrado | doc convertido temporalmente a docx con pywin32,NO
Promociones\SEPTIEMBRE\9606_EXHIBICIÓN MUEBLES - 25.09.24.doc,SEPTIEMBRE,.doc,advertencia,libreoffice_headless_docx: FileNotFoundError: soffice/libreoffice no encontrado | doc convertido temporalmente a docx con pywin32,NO
